[NodeName : SFIX;Database : FIXLN;File Name : C:\\Users\\Administrator\\Desktop\\FIXLN_BitManWR-BitAl-IntRD-BITRD.csv;Date : 2020-02-12;Time : 10:30:19]

#AI4336;DI2139;DA1712;TX139#
[BLOCK TYPE;TAG;NEXT BLOCK;DESCRIPTION;I/O DEVICE;H/W OPTIONS;I/O ADDRESS;INITIAL A/M STATUS;INITIAL SCAN;SCAN TIME;INVERT OUTPUT;OPEN TAG;CLOSE TAG;ALARM ENABLE;ALARM AREA(S);ALARM PRIORITY;ALARM TYPE;ENABLE OUTPUT;SECURITY AREA 1;SECURITY AREA 2;SECURITY AREA 3;ALARM AREA 1;ALARM AREA 2;ALARM AREA 3;ALARM AREA 4;ALARM AREA 5;ALARM AREA 6;ALARM AREA 7;ALARM AREA 8;ALARM AREA 9;ALARM AREA 10;ALARM AREA 11;ALARM AREA 12;ALARM AREA 13;ALARM AREA 14;ALARM AREA 15;USER FIELD 1;USER FIELD 2;CONTACT TAG;CONTACT MODE;REMOTE ACK TAG;ALARM SUSPENSION TAG;DELAY TIME;REALARM TIME;ESIG TYPE;ESIG ALLOW CONT USE;ESIG XMPT ALARM ACK;ESIG UNSIGNED WRITES;ESIG COMMENT REQUIRED;PDR Update Rate;PDR Access Time;PDR Deadband;PDR Latch;PDR Disable Output;PDR Array Length;Hist Description;Hist Collect;Hist Interval;Hist Offset;Hist Time Res;Hist Compress;Hist Deadband;Hist Comp Type;Hist Comp Time;Continuous Contact Output;Suppress COMM Alarm;Process alarm as event whi;SHELVE ENABLE;SHELVE POLICY]
!A_NAME;A_TAG;A_NEXT;A_DESC;A_IODV;A_IOHT;A_IOAD;A_IAM;A_ISCAN;A_SCANT;A_INV;A_OPENDESC;A_CLOSEDESC;A_IENAB;A_ADI;A_PRI;A_ALMCK;A_EOUT;A_SA1;A_SA2;A_SA3;A_AREA1;A_AREA2;A_AREA3;A_AREA4;A_AREA5;A_AREA6;A_AREA7;A_AREA8;A_AREA9;A_AREA10;A_AREA11;A_AREA12;A_AREA13;A_AREA14;A_AREA15;A_ALMEXT1;A_ALMEXT2;A_CCALM;A_CCMOD;A_AACK;A_ASUSP;A_DELAY;A_REALM;A_ESIGTYPE;A_ESIGCONT;A_ESIGACK;A_ESIGTRAP;A_ESIGREQ_COMMENT;A_PDR_UPDATERATE;A_PDR_ACCESSTIME;A_PDR_DEADBAND;A_PDR_LATCHDATA;A_PDR_DISABLEOUT;A_PDR_ARRAYLENGTH;A_HIST_DESC;A_HIST_COLLECT;A_HIST_INTERVAL;A_HIST_OFFSET;A_HIST_TIMERES;A_HIST_COMPRESS;A_HIST_DEADBAND;A_HIST_COMPTYPE;A_HIST_COMPTIME;A_CTK_PERSIST;A_COMM_SURPRESS;A_ALM_SUSPENDMODE;A_IALMSHLVENAB;A_ALMSHELVEPOLICY!
"DA";"ZMRK_M220_3_DB2023X0004_0";"";"ZMRK.D143AZ1.Carriage homing timeout";"S7A";"";"ZMRK:DB2023.DBX4.0";"AUTO";"ON";"1";"NO";"OPEN";"CLOSE";"ENABLE";"NONE";"HIGH";"CLOSE";"NO";"NONE";"NONE";"NONE";"ALL";"";"";"";"";"";"";"";"";"";"";"";"";"";"";"ZMRK.D143AZ1.Carriage homing timeout";"ZMRK.D143AZ1.Carriage homing timeout";"";"";"";"";"00:00:00:00";"00:00:00:00";"NONE";"YES";"NO";"REJECT";"NO";"300";"0";"0";"NO";"NO";"0";"NO";"NO";"5.000,0";"0.0";"Milliseconds";"DISABLE";"0.0000";"Absolute";"0";"DISABLE";"DISABLE";"DISABLE";"DISABLE";"";""
"DA";"ZMRK_M220_3_DB2023X0004_1";"";"ZMRK.D143AZ1.Carriage positioning timeout";"S7A";"";"ZMRK:DB2023.DBX4.1";"AUTO";"ON";"1";"NO";"OPEN";"CLOSE";"ENABLE";"NONE";"HIGH";"CLOSE";"NO";"NONE";"NONE";"NONE";"ALL";"";"";"";"";"";"";"";"";"";"";"";"";"";"";"ZMRK.D143AZ1.Carriage positioning timeout";"ZMRK.D143AZ1.Carriage positioning timeout";"";"";"";"";"00:00:00:00";"00:00:00:00";"NONE";"YES";"NO";"REJECT";"NO";"300";"0";"0";"NO";"NO";"0";"NO";"NO";"5.000,0";"0.0";"Milliseconds";"DISABLE";"0.0000";"Absolute";"0";"DISABLE";"DISABLE";"DISABLE";"DISABLE";"";""
"DA";"ZMRK_M220_3_DB2023X0004_2";"";"ZMRK.D143QM1.Carriage translation overload cutout";"S7A";"";"ZMRK:DB2023.DBX4.2";"AUTO";"ON";"1";"NO";"OPEN";"CLOSE";"ENABLE";"NONE";"HIGH";"CLOSE";"NO";"NONE";"NONE";"NONE";"ALL";"";"";"";"";"";"";"";"";"";"";"";"";"";"";"ZMRK.D143QM1.Carriage translation overload cutout";"ZMRK.D143QM1.Carriage translation overload cutout";"";"";"";"";"00:00:00:00";"00:00:00:00";"NONE";"YES";"NO";"REJECT";"NO";"300";"0";"0";"NO";"NO";"0";"NO";"NO";"5.000,0";"0.0";"Milliseconds";"DISABLE";"0.0000";"Absolute";"0";"DISABLE";"DISABLE";"DISABLE";"DISABLE";"";""
"DA";"ZMRK_M220_3_DB2023X0004_3";"";"ZMRK.M220SQ3-3.Forward overstroke translation";"S7A";"";"ZMRK:DB2023.DBX4.3";"AUTO";"ON";"1";"NO";"OPEN";"CLOSE";"ENABLE";"NONE";"HIGH";"CLOSE";"NO";"NONE";"NONE";"NONE";"ALL";"";"";"";"";"";"";"";"";"";"";"";"";"";"";"ZMRK.M220SQ3-3.Forward overstroke translation";"ZMRK.M220SQ3-3.Forward overstroke translation";"";"";"";"";"00:00:00:00";"00:00:00:00";"NONE";"YES";"NO";"REJECT";"NO";"300";"0";"0";"NO";"NO";"0";"NO";"NO";"5.000,0";"0.0";"Milliseconds";"DISABLE";"0.0000";"Absolute";"0";"DISABLE";"DISABLE";"DISABLE";"DISABLE";"";""
"DA";"ZMRK_M220_3_DB2023X0004_4";"";"ZMRK.M220SQ2-3.Backward overstroke translation";"S7A";"";"ZMRK:DB2023.DBX4.4";"AUTO";"ON";"1";"NO";"OPEN";"CLOSE";"ENABLE";"NONE";"HIGH";"CLOSE";"NO";"NONE";"NONE";"NONE";"ALL";"";"";"";"";"";"";"";"";"";"";"";"";"";"";"ZMRK.M220SQ2-3.Backward overstroke translation";"ZMRK.M220SQ2-3.Backward overstroke translation";"";"";"";"";"00:00:00:00";"00:00:00:00";"NONE";"YES";"NO";"REJECT";"NO";"300";"0";"0";"NO";"NO";"0";"NO";"NO";"5.000,0";"0.0";"Milliseconds";"DISABLE";"0.0000";"Absolute";"0";"DISABLE";"DISABLE";"DISABLE";"DISABLE";"";""
"DA";"ZMRK_M220_3_DB2023X0004_5";"";"ZMRK.D143AZ1.Feedback error";"S7A";"";"ZMRK:DB2023.DBX4.5";"AUTO";"ON";"1";"NO";"OPEN";"CLOSE";"ENABLE";"NONE";"HIGH";"CLOSE";"NO";"NONE";"NONE";"NONE";"ALL";"";"";"";"";"";"";"";"";"";"";"";"";"";"";"ZMRK.D143AZ1.Feedback error";"ZMRK.D143AZ1.Feedback error";"";"";"";"";"00:00:00:00";"00:00:00:00";"NONE";"YES";"NO";"REJECT";"NO";"300";"0";"0";"NO";"NO";"0";"NO";"NO";"5.000,0";"0.0";"Milliseconds";"DISABLE";"0.0000";"Absolute";"0";"DISABLE";"DISABLE";"DISABLE";"DISABLE";"";""
"DA";"ZMRK_M220_3_DB2023X0004_6";"";"ZMRK.D143AZ1.Drive not enable";"S7A";"";"ZMRK:DB2023.DBX4.6";"AUTO";"ON";"1";"NO";"OPEN";"CLOSE";"ENABLE";"NONE";"HIGH";"CLOSE";"NO";"NONE";"NONE";"NONE";"ALL";"";"";"";"";"";"";"";"";"";"";"";"";"";"";"ZMRK.D143AZ1.Drive not enable";"ZMRK.D143AZ1.Drive not enable";"";"";"";"";"00:00:00:00";"00:00:00:00";"NONE";"YES";"NO";"REJECT";"NO";"300";"0";"0";"NO";"NO";"0";"NO";"NO";"5.000,0";"0.0";"Milliseconds";"DISABLE";"0.0000";"Absolute";"0";"DISABLE";"DISABLE";"DISABLE";"DISABLE";"";""
"DA";"ZMRK_M220_3_DB2023X0004_7";"";"ZMRK.D143AZ1.Drive not ok";"S7A";"";"ZMRK:DB2023.DBX4.7";"AUTO";"ON";"1";"NO";"OPEN";"CLOSE";"ENABLE";"NONE";"HIGH";"CLOSE";"NO";"NONE";"NONE";"NONE";"ALL";"";"";"";"";"";"";"";"";"";"";"";"";"";"";"ZMRK.D143AZ1.Drive not ok";"ZMRK.D143AZ1.Drive not ok";"";"";"";"";"00:00:00:00";"00:00:00:00";"NONE";"YES";"NO";"REJECT";"NO";"300";"0";"0";"NO";"NO";"0";"NO";"NO";"5.000,0";"0.0";"Milliseconds";"DISABLE";"0.0000";"Absolute";"0";"DISABLE";"DISABLE";"DISABLE";"DISABLE";"";""
"DA";"ZMRK_M220_3_DB2023X0005_0";"";"ZMRK.D143AZ1.Drive link timeout";"S7A";"";"ZMRK:DB2023.DBX5.0";"AUTO";"ON";"1";"NO";"OPEN";"CLOSE";"ENABLE";"NONE";"HIGH";"CLOSE";"NO";"NONE";"NONE";"NONE";"ALL";"";"";"";"";"";"";"";"";"";"";"";"";"";"";"ZMRK.D143AZ1.Drive link timeout";"ZMRK.D143AZ1.Drive link timeout";"";"";"";"";"00:00:00:00";"00:00:00:00";"NONE";"YES";"NO";"REJECT";"NO";"300";"0";"0";"NO";"NO";"0";"NO";"NO";"5.000,0";"0.0";"Milliseconds";"DISABLE";"0.0000";"Absolute";"0";"DISABLE";"DISABLE";"DISABLE";"DISABLE";"";""
"DA";"ZMRK_M220_2_DB2021X0004_0";"";"ZMRK.D142AZ1.Carriage homing timeout";"S7A";"";"ZMRK:DB2021.DBX4.0";"AUTO";"ON";"1";"NO";"OPEN";"CLOSE";"ENABLE";"NONE";"HIGH";"CLOSE";"NO";"NONE";"NONE";"NONE";"ALL";"";"";"";"";"";"";"";"";"";"";"";"";"";"";"ZMRK.D142AZ1.Carriage homing timeout";"ZMRK.D142AZ1.Carriage homing timeout";"";"";"";"";"00:00:00:00";"00:00:00:00";"NONE";"YES";"NO";"REJECT";"NO";"300";"0";"0";"NO";"NO";"0";"NO";"NO";"5.000,0";"0.0";"Milliseconds";"DISABLE";"0.0000";"Absolute";"0";"DISABLE";"DISABLE";"DISABLE";"DISABLE";"";""
"DA";"ZMRK_M220_2_DB2021X0004_1";"";"ZMRK.D142AZ1.Carriage positioning timeout";"S7A";"";"ZMRK:DB2021.DBX4.1";"AUTO";"ON";"1";"NO";"OPEN";"CLOSE";"ENABLE";"NONE";"HIGH";"CLOSE";"NO";"NONE";"NONE";"NONE";"ALL";"";"";"";"";"";"";"";"";"";"";"";"";"";"";"ZMRK.D142AZ1.Carriage positioning timeout";"ZMRK.D142AZ1.Carriage positioning timeout";"";"";"";"";"00:00:00:00";"00:00:00:00";"NONE";"YES";"NO";"REJECT";"NO";"300";"0";"0";"NO";"NO";"0";"NO";"NO";"5.000,0";"0.0";"Milliseconds";"DISABLE";"0.0000";"Absolute";"0";"DISABLE";"DISABLE";"DISABLE";"DISABLE";"";""
"DA";"ZMRK_M220_2_DB2021X0004_2";"";"ZMRK.D142QM1.Carriage translation overload cutout";"S7A";"";"ZMRK:DB2021.DBX4.2";"AUTO";"ON";"1";"NO";"OPEN";"CLOSE";"ENABLE";"NONE";"HIGH";"CLOSE";"NO";"NONE";"NONE";"NONE";"ALL";"";"";"";"";"";"";"";"";"";"";"";"";"";"";"ZMRK.D142QM1.Carriage translation overload cutout";"ZMRK.D142QM1.Carriage translation overload cutout";"";"";"";"";"00:00:00:00";"00:00:00:00";"NONE";"YES";"NO";"REJECT";"NO";"300";"0";"0";"NO";"NO";"0";"NO";"NO";"5.000,0";"0.0";"Milliseconds";"DISABLE";"0.0000";"Absolute";"0";"DISABLE";"DISABLE";"DISABLE";"DISABLE";"";""
"DA";"ZMRK_M220_2_DB2021X0004_3";"";"ZMRK.M220SQ3-2.Forward overstroke translation";"S7A";"";"ZMRK:DB2021.DBX4.3";"AUTO";"ON";"1";"NO";"OPEN";"CLOSE";"ENABLE";"NONE";"HIGH";"CLOSE";"NO";"NONE";"NONE";"NONE";"ALL";"";"";"";"";"";"";"";"";"";"";"";"";"";"";"ZMRK.M220SQ3-2.Forward overstroke translation";"ZMRK.M220SQ3-2.Forward overstroke translation";"";"";"";"";"00:00:00:00";"00:00:00:00";"NONE";"YES";"NO";"REJECT";"NO";"300";"0";"0";"NO";"NO";"0";"NO";"NO";"5.000,0";"0.0";"Milliseconds";"DISABLE";"0.0000";"Absolute";"0";"DISABLE";"DISABLE";"DISABLE";"DISABLE";"";""
"DA";"ZMRK_M220_2_DB2021X0004_4";"";"ZMRK.M220SQ2-2.Backward overstroke translation";"S7A";"";"ZMRK:DB2021.DBX4.4";"AUTO";"ON";"1";"NO";"OPEN";"CLOSE";"ENABLE";"NONE";"HIGH";"CLOSE";"NO";"NONE";"NONE";"NONE";"ALL";"";"";"";"";"";"";"";"";"";"";"";"";"";"";"ZMRK.M220SQ2-2.Backward overstroke translation";"ZMRK.M220SQ2-2.Backward overstroke translation";"";"";"";"";"00:00:00:00";"00:00:00:00";"NONE";"YES";"NO";"REJECT";"NO";"300";"0";"0";"NO";"NO";"0";"NO";"NO";"5.000,0";"0.0";"Milliseconds";"DISABLE";"0.0000";"Absolute";"0";"DISABLE";"DISABLE";"DISABLE";"DISABLE";"";""
"DA";"ZMRK_M220_2_DB2021X0004_5";"";"ZMRK.D142AZ1.Feedback error";"S7A";"";"ZMRK:DB2021.DBX4.5";"AUTO";"ON";"1";"NO";"OPEN";"CLOSE";"ENABLE";"NONE";"HIGH";"CLOSE";"NO";"NONE";"NONE";"NONE";"ALL";"";"";"";"";"";"";"";"";"";"";"";"";"";"";"ZMRK.D142AZ1.Feedback error";"ZMRK.D142AZ1.Feedback error";"";"";"";"";"00:00:00:00";"00:00:00:00";"NONE";"YES";"NO";"REJECT";"NO";"300";"0";"0";"NO";"NO";"0";"NO";"NO";"5.000,0";"0.0";"Milliseconds";"DISABLE";"0.0000";"Absolute";"0";"DISABLE";"DISABLE";"DISABLE";"DISABLE";"";""
"DA";"ZMRK_M220_2_DB2021X0004_6";"";"ZMRK.D142AZ1.Drive not enable";"S7A";"";"ZMRK:DB2021.DBX4.6";"AUTO";"ON";"1";"NO";"OPEN";"CLOSE";"ENABLE";"NONE";"HIGH";"CLOSE";"NO";"NONE";"NONE";"NONE";"ALL";"";"";"";"";"";"";"";"";"";"";"";"";"";"";"ZMRK.D142AZ1.Drive not enable";"ZMRK.D142AZ1.Drive not enable";"";"";"";"";"00:00:00:00";"00:00:00:00";"NONE";"YES";"NO";"REJECT";"NO";"300";"0";"0";"NO";"NO";"0";"NO";"NO";"5.000,0";"0.0";"Milliseconds";"DISABLE";"0.0000";"Absolute";"0";"DISABLE";"DISABLE";"DISABLE";"DISABLE";"";""
"DA";"ZMRK_M220_2_DB2021X0004_7";"";"ZMRK.D142AZ1.Drive not ok";"S7A";"";"ZMRK:DB2021.DBX4.7";"AUTO";"ON";"1";"NO";"OPEN";"CLOSE";"ENABLE";"NONE";"HIGH";"CLOSE";"NO";"NONE";"NONE";"NONE";"ALL";"";"";"";"";"";"";"";"";"";"";"";"";"";"";"ZMRK.D142AZ1.Drive not ok";"ZMRK.D142AZ1.Drive not ok";"";"";"";"";"00:00:00:00";"00:00:00:00";"NONE";"YES";"NO";"REJECT";"NO";"300";"0";"0";"NO";"NO";"0";"NO";"NO";"5.000,0";"0.0";"Milliseconds";"DISABLE";"0.0000";"Absolute";"0";"DISABLE";"DISABLE";"DISABLE";"DISABLE";"";""
"DA";"ZMRK_M220_2_DB2021X0005_0";"";"ZMRK.D142AZ1.Drive link timeout";"S7A";"";"ZMRK:DB2021.DBX5.0";"AUTO";"ON";"1";"NO";"OPEN";"CLOSE";"ENABLE";"NONE";"HIGH";"CLOSE";"NO";"NONE";"NONE";"NONE";"ALL";"";"";"";"";"";"";"";"";"";"";"";"";"";"";"ZMRK.D142AZ1.Drive link timeout";"ZMRK.D142AZ1.Drive link timeout";"";"";"";"";"00:00:00:00";"00:00:00:00";"NONE";"YES";"NO";"REJECT";"NO";"300";"0";"0";"NO";"NO";"0";"NO";"NO";"5.000,0";"0.0";"Milliseconds";"DISABLE";"0.0000";"Absolute";"0";"DISABLE";"DISABLE";"DISABLE";"DISABLE";"";""
"DA";"ZMRK_M220_1_DB2020X0004_0";"";"ZMRK.D141AZ1.Carriage homing timeout";"S7A";"";"ZMRK:DB2020.DBX4.0";"AUTO";"ON";"1";"NO";"OPEN";"CLOSE";"ENABLE";"NONE";"HIGH";"CLOSE";"NO";"NONE";"NONE";"NONE";"ALL";"";"";"";"";"";"";"";"";"";"";"";"";"";"";"ZMRK.D141AZ1.Carriage homing timeout";"ZMRK.D141AZ1.Carriage homing timeout";"";"";"";"";"00:00:00:00";"00:00:00:00";"NONE";"YES";"NO";"REJECT";"NO";"300";"0";"0";"NO";"NO";"0";"NO";"NO";"5.000,0";"0.0";"Milliseconds";"DISABLE";"0.0000";"Absolute";"0";"DISABLE";"DISABLE";"DISABLE";"DISABLE";"";""
"DA";"ZMRK_M220_1_DB2020X0004_1";"";"ZMRK.D141AZ1.Carriage positioning timeout";"S7A";"";"ZMRK:DB2020.DBX4.1";"AUTO";"ON";"1";"NO";"OPEN";"CLOSE";"ENABLE";"NONE";"HIGH";"CLOSE";"NO";"NONE";"NONE";"NONE";"ALL";"";"";"";"";"";"";"";"";"";"";"";"";"";"";"ZMRK.D141AZ1.Carriage positioning timeout";"ZMRK.D141AZ1.Carriage positioning timeout";"";"";"";"";"00:00:00:00";"00:00:00:00";"NONE";"YES";"NO";"REJECT";"NO";"300";"0";"0";"NO";"NO";"0";"NO";"NO";"5.000,0";"0.0";"Milliseconds";"DISABLE";"0.0000";"Absolute";"0";"DISABLE";"DISABLE";"DISABLE";"DISABLE";"";""
"DA";"ZMRK_M220_1_DB2020X0004_2";"";"ZMRK.D141QM1.Carriage translation overload cutout";"S7A";"";"ZMRK:DB2020.DBX4.2";"AUTO";"ON";"1";"NO";"OPEN";"CLOSE";"ENABLE";"NONE";"HIGH";"CLOSE";"NO";"NONE";"NONE";"NONE";"ALL";"";"";"";"";"";"";"";"";"";"";"";"";"";"";"ZMRK.D141QM1.Carriage translation overload cutout";"ZMRK.D141QM1.Carriage translation overload cutout";"";"";"";"";"00:00:00:00";"00:00:00:00";"NONE";"YES";"NO";"REJECT";"NO";"300";"0";"0";"NO";"NO";"0";"NO";"NO";"5.000,0";"0.0";"Milliseconds";"DISABLE";"0.0000";"Absolute";"0";"DISABLE";"DISABLE";"DISABLE";"DISABLE";"";""
"DA";"ZMRK_M220_1_DB2020X0004_3";"";"ZMRK.M220SQ3-1.Forward overstroke translation";"S7A";"";"ZMRK:DB2020.DBX4.3";"AUTO";"ON";"1";"NO";"OPEN";"CLOSE";"ENABLE";"NONE";"HIGH";"CLOSE";"NO";"NONE";"NONE";"NONE";"ALL";"";"";"";"";"";"";"";"";"";"";"";"";"";"";"ZMRK.M220SQ3-1.Forward overstroke translation";"ZMRK.M220SQ3-1.Forward overstroke translation";"";"";"";"";"00:00:00:00";"00:00:00:00";"NONE";"YES";"NO";"REJECT";"NO";"300";"0";"0";"NO";"NO";"0";"NO";"NO";"5.000,0";"0.0";"Milliseconds";"DISABLE";"0.0000";"Absolute";"0";"DISABLE";"DISABLE";"DISABLE";"DISABLE";"";""
"DA";"ZMRK_M220_1_DB2020X0004_4";"";"ZMRK.M220SQ2-1.Backward overstroke translation";"S7A";"";"ZMRK:DB2020.DBX4.4";"AUTO";"ON";"1";"NO";"OPEN";"CLOSE";"ENABLE";"NONE";"HIGH";"CLOSE";"NO";"NONE";"NONE";"NONE";"ALL";"";"";"";"";"";"";"";"";"";"";"";"";"";"";"ZMRK.M220SQ2-1.Backward overstroke translation";"ZMRK.M220SQ2-1.Backward overstroke translation";"";"";"";"";"00:00:00:00";"00:00:00:00";"NONE";"YES";"NO";"REJECT";"NO";"300";"0";"0";"NO";"NO";"0";"NO";"NO";"5.000,0";"0.0";"Milliseconds";"DISABLE";"0.0000";"Absolute";"0";"DISABLE";"DISABLE";"DISABLE";"DISABLE";"";""
"DA";"ZMRK_M220_1_DB2020X0004_5";"";"ZMRK.D141AZ1.Feedback error";"S7A";"";"ZMRK:DB2020.DBX4.5";"AUTO";"ON";"1";"NO";"OPEN";"CLOSE";"ENABLE";"NONE";"HIGH";"CLOSE";"NO";"NONE";"NONE";"NONE";"ALL";"";"";"";"";"";"";"";"";"";"";"";"";"";"";"ZMRK.D141AZ1.Feedback error";"ZMRK.D141AZ1.Feedback error";"";"";"";"";"00:00:00:00";"00:00:00:00";"NONE";"YES";"NO";"REJECT";"NO";"300";"0";"0";"NO";"NO";"0";"NO";"NO";"5.000,0";"0.0";"Milliseconds";"DISABLE";"0.0000";"Absolute";"0";"DISABLE";"DISABLE";"DISABLE";"DISABLE";"";""
"DA";"ZMRK_M220_1_DB2020X0004_6";"";"ZMRK.D141AZ1.Drive not enable";"S7A";"";"ZMRK:DB2020.DBX4.6";"AUTO";"ON";"1";"NO";"OPEN";"CLOSE";"ENABLE";"NONE";"HIGH";"CLOSE";"NO";"NONE";"NONE";"NONE";"ALL";"";"";"";"";"";"";"";"";"";"";"";"";"";"";"ZMRK.D141AZ1.Drive not enable";"ZMRK.D141AZ1.Drive not enable";"";"";"";"";"00:00:00:00";"00:00:00:00";"NONE";"YES";"NO";"REJECT";"NO";"300";"0";"0";"NO";"NO";"0";"NO";"NO";"5.000,0";"0.0";"Milliseconds";"DISABLE";"0.0000";"Absolute";"0";"DISABLE";"DISABLE";"DISABLE";"DISABLE";"";""
"DA";"ZMRK_M220_1_DB2020X0004_7";"";"ZMRK.D141AZ1.Drive not ok";"S7A";"";"ZMRK:DB2020.DBX4.7";"AUTO";"ON";"1";"NO";"OPEN";"CLOSE";"ENABLE";"NONE";"HIGH";"CLOSE";"NO";"NONE";"NONE";"NONE";"ALL";"";"";"";"";"";"";"";"";"";"";"";"";"";"";"ZMRK.D141AZ1.Drive not ok";"ZMRK.D141AZ1.Drive not ok";"";"";"";"";"00:00:00:00";"00:00:00:00";"NONE";"YES";"NO";"REJECT";"NO";"300";"0";"0";"NO";"NO";"0";"NO";"NO";"5.000,0";"0.0";"Milliseconds";"DISABLE";"0.0000";"Absolute";"0";"DISABLE";"DISABLE";"DISABLE";"DISABLE";"";""
"DA";"ZMRK_M220_1_DB2020X0005_0";"";"ZMRK.D141AZ1.Drive link timeout";"S7A";"";"ZMRK:DB2020.DBX5.0";"AUTO";"ON";"1";"NO";"OPEN";"CLOSE";"ENABLE";"NONE";"HIGH";"CLOSE";"NO";"NONE";"NONE";"NONE";"ALL";"";"";"";"";"";"";"";"";"";"";"";"";"";"";"ZMRK.D141AZ1.Drive link timeout";"ZMRK.D141AZ1.Drive link timeout";"";"";"";"";"00:00:00:00";"00:00:00:00";"NONE";"YES";"NO";"REJECT";"NO";"300";"0";"0";"NO";"NO";"0";"NO";"NO";"5.000,0";"0.0";"Milliseconds";"DISABLE";"0.0000";"Absolute";"0";"DISABLE";"DISABLE";"DISABLE";"DISABLE";"";""
"DA";"ZMRK_Z220_3_DB2013X0008_0";"";"ZMRK.B.Check spray ink carriage";"S7A";"";"ZMRK:DB2013.DBX8.0";"AUTO";"ON";"1";"NO";"OPEN";"CLOSE";"ENABLE";"NONE";"HIGH";"CLOSE";"NO";"NONE";"NONE";"NONE";"ALL";"";"";"";"";"";"";"";"";"";"";"";"";"";"";"ZMRK.B.Check spray ink carriage";"ZMRK.B.Check spray ink carriage";"";"";"";"";"00:00:00:00";"00:00:00:00";"NONE";"YES";"NO";"REJECT";"NO";"300";"0";"0";"NO";"NO";"0";"NO";"NO";"5.000,0";"0.0";"Milliseconds";"DISABLE";"0.0000";"Absolute";"0";"DISABLE";"DISABLE";"DISABLE";"DISABLE";"";""
"DA";"ZMRK_Z220_3_DB2013X0008_1";"";"ZMRK.M220SL3.Ink tank empty";"S7A";"";"ZMRK:DB2013.DBX8.1";"AUTO";"ON";"1";"NO";"OPEN";"CLOSE";"ENABLE";"NONE";"HIGH";"CLOSE";"NO";"NONE";"NONE";"NONE";"ALL";"";"";"";"";"";"";"";"";"";"";"";"";"";"";"ZMRK.M220SL3.Ink tank empty";"ZMRK.M220SL3.Ink tank empty";"";"";"";"";"00:00:00:00";"00:00:00:00";"NONE";"YES";"NO";"REJECT";"NO";"300";"0";"0";"NO";"NO";"0";"NO";"NO";"5.000,0";"0.0";"Milliseconds";"DISABLE";"0.0000";"Absolute";"0";"DISABLE";"DISABLE";"DISABLE";"DISABLE";"";""
"DA";"ZMRK_Z220_3_DB2013X0008_2";"";"ZMRK.B.Check spray ink carriage dirty lens";"S7A";"";"ZMRK:DB2013.DBX8.2";"AUTO";"ON";"1";"NO";"OPEN";"CLOSE";"ENABLE";"NONE";"HIGH";"CLOSE";"NO";"NONE";"NONE";"NONE";"ALL";"";"";"";"";"";"";"";"";"";"";"";"";"";"";"ZMRK.B.Check spray ink carriage dirty lens";"ZMRK.B.Check spray ink carriage dirty lens";"";"";"";"";"00:00:00:00";"00:00:00:00";"NONE";"YES";"NO";"REJECT";"NO";"300";"0";"0";"NO";"NO";"0";"NO";"NO";"5.000,0";"0.0";"Milliseconds";"DISABLE";"0.0000";"Absolute";"0";"DISABLE";"DISABLE";"DISABLE";"DISABLE";"";""
"DA";"ZMRK_Z220_2_DB2012X0008_0";"";"ZMRK.B.Check spray ink carriage";"S7A";"";"ZMRK:DB2012.DBX8.0";"AUTO";"ON";"1";"NO";"OPEN";"CLOSE";"ENABLE";"NONE";"HIGH";"CLOSE";"NO";"NONE";"NONE";"NONE";"ALL";"";"";"";"";"";"";"";"";"";"";"";"";"";"";"ZMRK.B.Check spray ink carriage";"ZMRK.B.Check spray ink carriage";"";"";"";"";"00:00:00:00";"00:00:00:00";"NONE";"YES";"NO";"REJECT";"NO";"300";"0";"0";"NO";"NO";"0";"NO";"NO";"5.000,0";"0.0";"Milliseconds";"DISABLE";"0.0000";"Absolute";"0";"DISABLE";"DISABLE";"DISABLE";"DISABLE";"";""
"DA";"ZMRK_Z220_2_DB2012X0008_1";"";"ZMRK.M220SL2.Ink tank empty";"S7A";"";"ZMRK:DB2012.DBX8.1";"AUTO";"ON";"1";"NO";"OPEN";"CLOSE";"ENABLE";"NONE";"HIGH";"CLOSE";"NO";"NONE";"NONE";"NONE";"ALL";"";"";"";"";"";"";"";"";"";"";"";"";"";"";"ZMRK.M220SL2.Ink tank empty";"ZMRK.M220SL2.Ink tank empty";"";"";"";"";"00:00:00:00";"00:00:00:00";"NONE";"YES";"NO";"REJECT";"NO";"300";"0";"0";"NO";"NO";"0";"NO";"NO";"5.000,0";"0.0";"Milliseconds";"DISABLE";"0.0000";"Absolute";"0";"DISABLE";"DISABLE";"DISABLE";"DISABLE";"";""
"DA";"ZMRK_Z220_2_DB2012X0008_2";"";"ZMRK.B.Check spray ink carriage dirty lens";"S7A";"";"ZMRK:DB2012.DBX8.2";"AUTO";"ON";"1";"NO";"OPEN";"CLOSE";"ENABLE";"NONE";"HIGH";"CLOSE";"NO";"NONE";"NONE";"NONE";"ALL";"";"";"";"";"";"";"";"";"";"";"";"";"";"";"ZMRK.B.Check spray ink carriage dirty lens";"ZMRK.B.Check spray ink carriage dirty lens";"";"";"";"";"00:00:00:00";"00:00:00:00";"NONE";"YES";"NO";"REJECT";"NO";"300";"0";"0";"NO";"NO";"0";"NO";"NO";"5.000,0";"0.0";"Milliseconds";"DISABLE";"0.0000";"Absolute";"0";"DISABLE";"DISABLE";"DISABLE";"DISABLE";"";""
"DA";"ZMRK_Z220_1_DB2011X0008_0";"";"ZMRK.B.Check spray ink carriage";"S7A";"";"ZMRK:DB2011.DBX8.0";"AUTO";"ON";"1";"NO";"OPEN";"CLOSE";"ENABLE";"NONE";"HIGH";"CLOSE";"NO";"NONE";"NONE";"NONE";"ALL";"";"";"";"";"";"";"";"";"";"";"";"";"";"";"ZMRK.B.Check spray ink carriage";"ZMRK.B.Check spray ink carriage";"";"";"";"";"00:00:00:00";"00:00:00:00";"NONE";"YES";"NO";"REJECT";"NO";"300";"0";"0";"NO";"NO";"0";"NO";"NO";"5.000,0";"0.0";"Milliseconds";"DISABLE";"0.0000";"Absolute";"0";"DISABLE";"DISABLE";"DISABLE";"DISABLE";"";""
"DA";"ZMRK_Z220_1_DB2011X0008_1";"";"ZMRK.M220SL1.Ink tank empty";"S7A";"";"ZMRK:DB2011.DBX8.1";"AUTO";"ON";"1";"NO";"OPEN";"CLOSE";"ENABLE";"NONE";"HIGH";"CLOSE";"NO";"NONE";"NONE";"NONE";"ALL";"";"";"";"";"";"";"";"";"";"";"";"";"";"";"ZMRK.M220SL1.Ink tank empty";"ZMRK.M220SL1.Ink tank empty";"";"";"";"";"00:00:00:00";"00:00:00:00";"NONE";"YES";"NO";"REJECT";"NO";"300";"0";"0";"NO";"NO";"0";"NO";"NO";"5.000,0";"0.0";"Milliseconds";"DISABLE";"0.0000";"Absolute";"0";"DISABLE";"DISABLE";"DISABLE";"DISABLE";"";""
"DA";"ZMRK_Z220_1_DB2011X0008_2";"";"ZMRK.B.Check spray ink carriage dirty lens";"S7A";"";"ZMRK:DB2011.DBX8.2";"AUTO";"ON";"1";"NO";"OPEN";"CLOSE";"ENABLE";"NONE";"HIGH";"CLOSE";"NO";"NONE";"NONE";"NONE";"ALL";"";"";"";"";"";"";"";"";"";"";"";"";"";"";"ZMRK.B.Check spray ink carriage dirty lens";"ZMRK.B.Check spray ink carriage dirty lens";"";"";"";"";"00:00:00:00";"00:00:00:00";"NONE";"YES";"NO";"REJECT";"NO";"300";"0";"0";"NO";"NO";"0";"NO";"NO";"5.000,0";"0.0";"Milliseconds";"DISABLE";"0.0000";"Absolute";"0";"DISABLE";"DISABLE";"DISABLE";"DISABLE";"";""
"DA";"ZMRK_MCC1204_DB2010X0000_0";"";"ZMRK.D122KE1.Local Emergency ON";"S7A";"";"ZMRK:DB2010.DBX0.0";"AUTO";"ON";"1";"NO";"OPEN";"CLOSE";"ENABLE";"NONE";"HIGH";"CLOSE";"NO";"NONE";"NONE";"NONE";"ALL";"";"";"";"";"";"";"";"";"";"";"";"";"";"";"ZMRK.D122KE1.Local Emergency ON";"ZMRK.D122KE1.Local Emergency ON";"";"";"";"";"00:00:00:00";"00:00:00:00";"NONE";"YES";"NO";"REJECT";"NO";"300";"0";"0";"NO";"NO";"0";"NO";"NO";"5.000,0";"0.0";"Milliseconds";"DISABLE";"0.0000";"Absolute";"0";"DISABLE";"DISABLE";"DISABLE";"DISABLE";"";""
"DA";"ZMRK_MCC1204_DB2010X0000_1";"";"ZMRK.D122SB1.Emergency localization";"S7A";"";"ZMRK:DB2010.DBX0.1";"AUTO";"ON";"1";"NO";"OPEN";"CLOSE";"ENABLE";"NONE";"HIGH";"CLOSE";"NO";"NONE";"NONE";"NONE";"ALL";"";"";"";"";"";"";"";"";"";"";"";"";"";"";"ZMRK.D122SB1.Emergency localization";"ZMRK.D122SB1.Emergency localization";"";"";"";"";"00:00:00:00";"00:00:00:00";"NONE";"YES";"NO";"REJECT";"NO";"300";"0";"0";"NO";"NO";"0";"NO";"NO";"5.000,0";"0.0";"Milliseconds";"DISABLE";"0.0000";"Absolute";"0";"DISABLE";"DISABLE";"DISABLE";"DISABLE";"";""
"DA";"ZMRK_MCC1204_DB2010X0000_2";"";"ZMRK.M220SB1.Emergency localization 2";"S7A";"";"ZMRK:DB2010.DBX0.2";"AUTO";"ON";"1";"NO";"OPEN";"CLOSE";"ENABLE";"NONE";"HIGH";"CLOSE";"NO";"NONE";"NONE";"NONE";"ALL";"";"";"";"";"";"";"";"";"";"";"";"";"";"";"ZMRK.M220SB1.Emergency localization 2";"ZMRK.M220SB1.Emergency localization 2";"";"";"";"";"00:00:00:00";"00:00:00:00";"NONE";"YES";"NO";"REJECT";"NO";"300";"0";"0";"NO";"NO";"0";"NO";"NO";"5.000,0";"0.0";"Milliseconds";"DISABLE";"0.0000";"Absolute";"0";"DISABLE";"DISABLE";"DISABLE";"DISABLE";"";""
"DA";"ZMRK_MCC1204_DB2010X0000_3";"";"ZMRK.M220SB2.Emergency localization 3";"S7A";"";"ZMRK:DB2010.DBX0.3";"AUTO";"ON";"1";"NO";"OPEN";"CLOSE";"ENABLE";"NONE";"HIGH";"CLOSE";"NO";"NONE";"NONE";"NONE";"ALL";"";"";"";"";"";"";"";"";"";"";"";"";"";"";"ZMRK.M220SB2.Emergency localization 3";"ZMRK.M220SB2.Emergency localization 3";"";"";"";"";"00:00:00:00";"00:00:00:00";"NONE";"YES";"NO";"REJECT";"NO";"300";"0";"0";"NO";"NO";"0";"NO";"NO";"5.000,0";"0.0";"Milliseconds";"DISABLE";"0.0000";"Absolute";"0";"DISABLE";"DISABLE";"DISABLE";"DISABLE";"";""
"DA";"ZMRK_MCC1204_DB2010X0004_0";"";"ZMRK.MCC1204.D108QF2.24Vs.Input power supply";"S7A";"";"ZMRK:DB2010.DBX4.0";"AUTO";"ON";"1";"NO";"OPEN";"CLOSE";"ENABLE";"NONE";"HIGH";"CLOSE";"NO";"NONE";"NONE";"NONE";"ALL";"";"";"";"";"";"";"";"";"";"";"";"";"";"";"ZMRK.MCC1204.D108QF2.24Vs.Input power supply";"ZMRK.MCC1204.D108QF2.24Vs.Input power supply";"";"";"";"";"00:00:00:00";"00:00:00:00";"NONE";"YES";"NO";"REJECT";"NO";"300";"0";"0";"NO";"NO";"0";"NO";"NO";"5.000,0";"0.0";"Milliseconds";"DISABLE";"0.0000";"Absolute";"0";"DISABLE";"DISABLE";"DISABLE";"DISABLE";"";""
"DA";"ZMRK_MCC1204_DB2010X0004_1";"";"ZMRK.MCC1204.D108QF1.Power supply 24V logic";"S7A";"";"ZMRK:DB2010.DBX4.1";"AUTO";"ON";"1";"NO";"OPEN";"CLOSE";"ENABLE";"NONE";"HIGH";"CLOSE";"NO";"NONE";"NONE";"NONE";"ALL";"";"";"";"";"";"";"";"";"";"";"";"";"";"";"ZMRK.MCC1204.D108QF1.Power supply 24V logic";"ZMRK.MCC1204.D108QF1.Power supply 24V logic";"";"";"";"";"00:00:00:00";"00:00:00:00";"NONE";"YES";"NO";"REJECT";"NO";"300";"0";"0";"NO";"NO";"0";"NO";"NO";"5.000,0";"0.0";"Milliseconds";"DISABLE";"0.0000";"Absolute";"0";"DISABLE";"DISABLE";"DISABLE";"DISABLE";"";""
"DA";"ZMRK_MCC1204_DB2010X0004_2";"";"ZMRK.MCC1204.Timeout receiving consumed message";"S7A";"";"ZMRK:DB2010.DBX4.2";"AUTO";"ON";"1";"NO";"OPEN";"CLOSE";"ENABLE";"NONE";"HIGH";"CLOSE";"NO";"NONE";"NONE";"NONE";"ALL";"";"";"";"";"";"";"";"";"";"";"";"";"";"";"ZMRK.MCC1204.Timeout receiving consumed message";"ZMRK.MCC1204.Timeout receiving consumed message";"";"";"";"";"00:00:00:00";"00:00:00:00";"NONE";"YES";"NO";"REJECT";"NO";"300";"0";"0";"NO";"NO";"0";"NO";"NO";"5.000,0";"0.0";"Milliseconds";"DISABLE";"0.0000";"Absolute";"0";"DISABLE";"DISABLE";"DISABLE";"DISABLE";"";""
"DA";"ZMRK_MCC1204_DB2010X0004_3";"";"ZMRK.MCC1204.Mission packet lost";"S7A";"";"ZMRK:DB2010.DBX4.3";"AUTO";"ON";"1";"NO";"OPEN";"CLOSE";"ENABLE";"NONE";"HIGH";"CLOSE";"NO";"NONE";"NONE";"NONE";"ALL";"";"";"";"";"";"";"";"";"";"";"";"";"";"";"ZMRK.MCC1204.Mission packet lost";"ZMRK.MCC1204.Mission packet lost";"";"";"";"";"00:00:00:00";"00:00:00:00";"NONE";"YES";"NO";"REJECT";"NO";"300";"0";"0";"NO";"NO";"0";"NO";"NO";"5.000,0";"0.0";"Milliseconds";"DISABLE";"0.0000";"Absolute";"0";"DISABLE";"DISABLE";"DISABLE";"DISABLE";"";""
"DA";"ZMRK_MCC1204_DB2010X0004_4";"";"ZMRK.MCC1204.Synchro packet lost";"S7A";"";"ZMRK:DB2010.DBX4.4";"AUTO";"ON";"1";"NO";"OPEN";"CLOSE";"ENABLE";"NONE";"HIGH";"CLOSE";"NO";"NONE";"NONE";"NONE";"ALL";"";"";"";"";"";"";"";"";"";"";"";"";"";"";"ZMRK.MCC1204.Synchro packet lost";"ZMRK.MCC1204.Synchro packet lost";"";"";"";"";"00:00:00:00";"00:00:00:00";"NONE";"YES";"NO";"REJECT";"NO";"300";"0";"0";"NO";"NO";"0";"NO";"NO";"5.000,0";"0.0";"Milliseconds";"DISABLE";"0.0000";"Absolute";"0";"DISABLE";"DISABLE";"DISABLE";"DISABLE";"";""
"DA";"ZMRK_MCC1204_DB2010X0004_5";"";"ZMRK.MCC1204.Meter gap outside limits";"S7A";"";"ZMRK:DB2010.DBX4.5";"AUTO";"ON";"1";"NO";"OPEN";"CLOSE";"ENABLE";"NONE";"HIGH";"CLOSE";"NO";"NONE";"NONE";"NONE";"ALL";"";"";"";"";"";"";"";"";"";"";"";"";"";"";"ZMRK.MCC1204.Meter gap outside limits";"ZMRK.MCC1204.Meter gap outside limits";"";"";"";"";"00:00:00:00";"00:00:00:00";"NONE";"YES";"NO";"REJECT";"NO";"300";"0";"0";"NO";"NO";"0";"NO";"NO";"5.000,0";"0.0";"Milliseconds";"DISABLE";"0.0000";"Absolute";"0";"DISABLE";"DISABLE";"DISABLE";"DISABLE";"";""
"DA";"ZMRK_MCC1204_DB2010X0004_6";"";"ZMRK.MCC1204.Main line Meter gap outside limits";"S7A";"";"ZMRK:DB2010.DBX4.6";"AUTO";"ON";"1";"NO";"OPEN";"CLOSE";"ENABLE";"NONE";"HIGH";"CLOSE";"NO";"NONE";"NONE";"NONE";"ALL";"";"";"";"";"";"";"";"";"";"";"";"";"";"";"ZMRK.MCC1204.Main line Meter gap outside limits";"ZMRK.MCC1204.Main line Meter gap outside limits";"";"";"";"";"00:00:00:00";"00:00:00:00";"NONE";"YES";"NO";"REJECT";"NO";"300";"0";"0";"NO";"NO";"0";"NO";"NO";"5.000,0";"0.0";"Milliseconds";"DISABLE";"0.0000";"Absolute";"0";"DISABLE";"DISABLE";"DISABLE";"DISABLE";"";""
"DA";"ZMRK_MCC1204_DB2010X0004_7";"";"ZMRK.MCC1204.Timeout receiving meter signal from main line";"S7A";"";"ZMRK:DB2010.DBX4.7";"AUTO";"ON";"1";"NO";"OPEN";"CLOSE";"ENABLE";"NONE";"HIGH";"CLOSE";"NO";"NONE";"NONE";"NONE";"ALL";"";"";"";"";"";"";"";"";"";"";"";"";"";"";"ZMRK.MCC1204.Timeout receiving meter signal from main line";"ZMRK.MCC1204.Timeout receiving meter signal from main line";"";"";"";"";"00:00:00:00";"00:00:00:00";"NONE";"YES";"NO";"REJECT";"NO";"300";"0";"0";"NO";"NO";"0";"NO";"NO";"5.000,0";"0.0";"Milliseconds";"DISABLE";"0.0000";"Absolute";"0";"DISABLE";"DISABLE";"DISABLE";"DISABLE";"";""
"DA";"ZMRK_MCC1204_DB2010X0005_0";"";"ZMRK.MCC1204.Timeout receiving synchro value from main line";"S7A";"";"ZMRK:DB2010.DBX5.0";"AUTO";"ON";"1";"NO";"OPEN";"CLOSE";"ENABLE";"NONE";"HIGH";"CLOSE";"NO";"NONE";"NONE";"NONE";"ALL";"";"";"";"";"";"";"";"";"";"";"";"";"";"";"ZMRK.MCC1204.Timeout receiving synchro value from main line";"ZMRK.MCC1204.Timeout receiving synchro value from main line";"";"";"";"";"00:00:00:00";"00:00:00:00";"NONE";"YES";"NO";"REJECT";"NO";"300";"0";"0";"NO";"NO";"0";"NO";"NO";"5.000,0";"0.0";"Milliseconds";"DISABLE";"0.0000";"Absolute";"0";"DISABLE";"DISABLE";"DISABLE";"DISABLE";"";""
"DA";"ZMRK_MCC1204_DB2010X0005_1";"";"ZMRK.MCC1204.Unexpected synchro pulse";"S7A";"";"ZMRK:DB2010.DBX5.1";"AUTO";"ON";"1";"NO";"OPEN";"CLOSE";"ENABLE";"NONE";"HIGH";"CLOSE";"NO";"NONE";"NONE";"NONE";"ALL";"";"";"";"";"";"";"";"";"";"";"";"";"";"";"ZMRK.MCC1204.Unexpected synchro pulse";"ZMRK.MCC1204.Unexpected synchro pulse";"";"";"";"";"00:00:00:00";"00:00:00:00";"NONE";"YES";"NO";"REJECT";"NO";"300";"0";"0";"NO";"NO";"0";"NO";"NO";"5.000,0";"0.0";"Milliseconds";"DISABLE";"0.0000";"Absolute";"0";"DISABLE";"DISABLE";"DISABLE";"DISABLE";"";""
"DA";"ZMRK_MCC1204_DB2010X0005_2";"";"ZMRK.MCC1204.Unexpected synchro message";"S7A";"";"ZMRK:DB2010.DBX5.2";"AUTO";"ON";"1";"NO";"OPEN";"CLOSE";"ENABLE";"NONE";"HIGH";"CLOSE";"NO";"NONE";"NONE";"NONE";"ALL";"";"";"";"";"";"";"";"";"";"";"";"";"";"";"ZMRK.MCC1204.Unexpected synchro message";"ZMRK.MCC1204.Unexpected synchro message";"";"";"";"";"00:00:00:00";"00:00:00:00";"NONE";"YES";"NO";"REJECT";"NO";"300";"0";"0";"NO";"NO";"0";"NO";"NO";"5.000,0";"0.0";"Milliseconds";"DISABLE";"0.0000";"Absolute";"0";"DISABLE";"DISABLE";"DISABLE";"DISABLE";"";""
"DA";"ZMRK_MCC1204_DB2010X0005_3";"";"ZMRK.MCC1204.Machine not synchronized";"S7A";"";"ZMRK:DB2010.DBX5.3";"AUTO";"ON";"1";"NO";"OPEN";"CLOSE";"ENABLE";"NONE";"HIGH";"CLOSE";"NO";"NONE";"NONE";"NONE";"ALL";"";"";"";"";"";"";"";"";"";"";"";"";"";"";"ZMRK.MCC1204.Machine not synchronized";"ZMRK.MCC1204.Machine not synchronized";"";"";"";"";"00:00:00:00";"00:00:00:00";"NONE";"YES";"NO";"REJECT";"NO";"300";"0";"0";"NO";"NO";"0";"NO";"NO";"5.000,0";"0.0";"Milliseconds";"DISABLE";"0.0000";"Absolute";"0";"DISABLE";"DISABLE";"DISABLE";"DISABLE";"";""
"DA";"ZMRK_MCC1204_DB2010X0005_4";"";"ZMRK.MCC1204.M220SP1.Missing air";"S7A";"";"ZMRK:DB2010.DBX5.4";"AUTO";"ON";"1";"NO";"OPEN";"CLOSE";"ENABLE";"NONE";"HIGH";"CLOSE";"NO";"NONE";"NONE";"NONE";"ALL";"";"";"";"";"";"";"";"";"";"";"";"";"";"";"ZMRK.MCC1204.M220SP1.Missing air";"ZMRK.MCC1204.M220SP1.Missing air";"";"";"";"";"00:00:00:00";"00:00:00:00";"NONE";"YES";"NO";"REJECT";"NO";"300";"0";"0";"NO";"NO";"0";"NO";"NO";"5.000,0";"0.0";"Milliseconds";"DISABLE";"0.0000";"Absolute";"0";"DISABLE";"DISABLE";"DISABLE";"DISABLE";"";""
"DA";"ZMRK_MCC1204_DB2010X0005_5";"";"ZMRK.MCC1204.QF.Power supply 24V logic 2";"S7A";"";"ZMRK:DB2010.DBX5.5";"AUTO";"ON";"1";"NO";"OPEN";"CLOSE";"ENABLE";"NONE";"HIGH";"CLOSE";"NO";"NONE";"NONE";"NONE";"ALL";"";"";"";"";"";"";"";"";"";"";"";"";"";"";"ZMRK.MCC1204.QF.Power supply 24V logic 2";"ZMRK.MCC1204.QF.Power supply 24V logic 2";"";"";"";"";"00:00:00:00";"00:00:00:00";"NONE";"YES";"NO";"REJECT";"NO";"300";"0";"0";"NO";"NO";"0";"NO";"NO";"5.000,0";"0.0";"Milliseconds";"DISABLE";"0.0000";"Absolute";"0";"DISABLE";"DISABLE";"DISABLE";"DISABLE";"";""
"DA";"ZMRK_MCC1204_DB2010X0005_6";"";"ZMRK.MCC1204.L+.Field input power supply";"S7A";"";"ZMRK:DB2010.DBX5.6";"AUTO";"ON";"1";"NO";"OPEN";"CLOSE";"ENABLE";"NONE";"HIGH";"CLOSE";"NO";"NONE";"NONE";"NONE";"ALL";"";"";"";"";"";"";"";"";"";"";"";"";"";"";"ZMRK.MCC1204.L+.Field input power supply";"ZMRK.MCC1204.L+.Field input power supply";"";"";"";"";"00:00:00:00";"00:00:00:00";"NONE";"YES";"NO";"REJECT";"NO";"300";"0";"0";"NO";"NO";"0";"NO";"NO";"5.000,0";"0.0";"Milliseconds";"DISABLE";"0.0000";"Absolute";"0";"DISABLE";"DISABLE";"DISABLE";"DISABLE";"";""
"DA";"ZMRK_MCC1204_DB2010X0005_7";"";"ZMRK.MCC1204.L+.24VDC ON";"S7A";"";"ZMRK:DB2010.DBX5.7";"AUTO";"ON";"1";"NO";"OPEN";"CLOSE";"ENABLE";"NONE";"HIGH";"CLOSE";"NO";"NONE";"NONE";"NONE";"ALL";"";"";"";"";"";"";"";"";"";"";"";"";"";"";"ZMRK.MCC1204.L+.24VDC ON";"ZMRK.MCC1204.L+.24VDC ON";"";"";"";"";"00:00:00:00";"00:00:00:00";"NONE";"YES";"NO";"REJECT";"NO";"300";"0";"0";"NO";"NO";"0";"NO";"NO";"5.000,0";"0.0";"Milliseconds";"DISABLE";"0.0000";"Absolute";"0";"DISABLE";"DISABLE";"DISABLE";"DISABLE";"";""
"DA";"ZMRK_MCC1204_DB2010X0008_0";"";"ZMRK.MCC1204.108QF4/D115KM1.Anomaly alimentation 120/230VAC";"S7A";"";"ZMRK:DB2010.DBX8.0";"AUTO";"ON";"1";"NO";"OPEN";"CLOSE";"ENABLE";"NONE";"HIGH";"CLOSE";"NO";"NONE";"NONE";"NONE";"ALL";"";"";"";"";"";"";"";"";"";"";"";"";"";"";"ZMRK.MCC1204.108QF4/D115KM1.Anomaly alimentation 120/230VAC";"ZMRK.MCC1204.108QF4/D115KM1.Anomaly alimentation 120/230VAC";"";"";"";"";"00:00:00:00";"00:00:00:00";"NONE";"YES";"NO";"REJECT";"NO";"300";"0";"0";"NO";"NO";"0";"NO";"NO";"5.000,0";"0.0";"Milliseconds";"DISABLE";"0.0000";"Absolute";"0";"DISABLE";"DISABLE";"DISABLE";"DISABLE";"";""
"DA";"ZMRK_MCC1204_DB2010X0012_0";"";"ZMRK.MCC1204.R150AP1.PLCA.Timeout receiving consumed message";"S7A";"";"ZMRK:DB2010.DBX12.0";"AUTO";"ON";"1";"NO";"OPEN";"CLOSE";"ENABLE";"NONE";"HIGH";"CLOSE";"NO";"NONE";"NONE";"NONE";"ALL";"";"";"";"";"";"";"";"";"";"";"";"";"";"";"ZMRK.MCC1204.R150AP1.PLCA.Timeout receiving consumed message";"ZMRK.MCC1204.R150AP1.PLCA.Timeout receiving consumed message";"";"";"";"";"00:00:00:00";"00:00:00:00";"NONE";"YES";"NO";"REJECT";"NO";"300";"0";"0";"NO";"NO";"0";"NO";"NO";"5.000,0";"0.0";"Milliseconds";"DISABLE";"0.0000";"Absolute";"0";"DISABLE";"DISABLE";"DISABLE";"DISABLE";"";""
"DA";"ZMRK_MCC1204_DB2010X0012_1";"";"ZMRK.MCC1204.R150AP2.PLCB.Timeout receiving consumed message";"S7A";"";"ZMRK:DB2010.DBX12.1";"AUTO";"ON";"1";"NO";"OPEN";"CLOSE";"ENABLE";"NONE";"HIGH";"CLOSE";"NO";"NONE";"NONE";"NONE";"ALL";"";"";"";"";"";"";"";"";"";"";"";"";"";"";"ZMRK.MCC1204.R150AP2.PLCB.Timeout receiving consumed message";"ZMRK.MCC1204.R150AP2.PLCB.Timeout receiving consumed message";"";"";"";"";"00:00:00:00";"00:00:00:00";"NONE";"YES";"NO";"REJECT";"NO";"300";"0";"0";"NO";"NO";"0";"NO";"NO";"5.000,0";"0.0";"Milliseconds";"DISABLE";"0.0000";"Absolute";"0";"DISABLE";"DISABLE";"DISABLE";"DISABLE";"";""
"DA";"ZMRK_MCC1204_DB2010X0012_2";"";"ZMRK.MCC1204.R150AP1.PLCA.Mission packet lost";"S7A";"";"ZMRK:DB2010.DBX12.2";"AUTO";"ON";"1";"NO";"OPEN";"CLOSE";"ENABLE";"NONE";"HIGH";"CLOSE";"NO";"NONE";"NONE";"NONE";"ALL";"";"";"";"";"";"";"";"";"";"";"";"";"";"";"ZMRK.MCC1204.R150AP1.PLCA.Mission packet lost";"ZMRK.MCC1204.R150AP1.PLCA.Mission packet lost";"";"";"";"";"00:00:00:00";"00:00:00:00";"NONE";"YES";"NO";"REJECT";"NO";"300";"0";"0";"NO";"NO";"0";"NO";"NO";"5.000,0";"0.0";"Milliseconds";"DISABLE";"0.0000";"Absolute";"0";"DISABLE";"DISABLE";"DISABLE";"DISABLE";"";""
"DA";"ZMRK_MCC1204_DB2010X0012_3";"";"ZMRK.MCC1204.R150AP2.PLCB.Mission packet lost";"S7A";"";"ZMRK:DB2010.DBX12.3";"AUTO";"ON";"1";"NO";"OPEN";"CLOSE";"ENABLE";"NONE";"HIGH";"CLOSE";"NO";"NONE";"NONE";"NONE";"ALL";"";"";"";"";"";"";"";"";"";"";"";"";"";"";"ZMRK.MCC1204.R150AP2.PLCB.Mission packet lost";"ZMRK.MCC1204.R150AP2.PLCB.Mission packet lost";"";"";"";"";"00:00:00:00";"00:00:00:00";"NONE";"YES";"NO";"REJECT";"NO";"300";"0";"0";"NO";"NO";"0";"NO";"NO";"5.000,0";"0.0";"Milliseconds";"DISABLE";"0.0000";"Absolute";"0";"DISABLE";"DISABLE";"DISABLE";"DISABLE";"";""
"DA";"ZMRK_MCC1204_DB2010X0012_4";"";"ZMRK.MCC1204.R150AP1.PLCA.Syncro packet lost";"S7A";"";"ZMRK:DB2010.DBX12.4";"AUTO";"ON";"1";"NO";"OPEN";"CLOSE";"ENABLE";"NONE";"HIGH";"CLOSE";"NO";"NONE";"NONE";"NONE";"ALL";"";"";"";"";"";"";"";"";"";"";"";"";"";"";"ZMRK.MCC1204.R150AP1.PLCA.Syncro packet lost";"ZMRK.MCC1204.R150AP1.PLCA.Syncro packet lost";"";"";"";"";"00:00:00:00";"00:00:00:00";"NONE";"YES";"NO";"REJECT";"NO";"300";"0";"0";"NO";"NO";"0";"NO";"NO";"5.000,0";"0.0";"Milliseconds";"DISABLE";"0.0000";"Absolute";"0";"DISABLE";"DISABLE";"DISABLE";"DISABLE";"";""
"DA";"ZMRK_MCC1204_DB2010X0012_5";"";"ZMRK.MCC1204.R150AP2.PLCB.Syncro packet lost";"S7A";"";"ZMRK:DB2010.DBX12.5";"AUTO";"ON";"1";"NO";"OPEN";"CLOSE";"ENABLE";"NONE";"HIGH";"CLOSE";"NO";"NONE";"NONE";"NONE";"ALL";"";"";"";"";"";"";"";"";"";"";"";"";"";"";"ZMRK.MCC1204.R150AP2.PLCB.Syncro packet lost";"ZMRK.MCC1204.R150AP2.PLCB.Syncro packet lost";"";"";"";"";"00:00:00:00";"00:00:00:00";"NONE";"YES";"NO";"REJECT";"NO";"300";"0";"0";"NO";"NO";"0";"NO";"NO";"5.000,0";"0.0";"Milliseconds";"DISABLE";"0.0000";"Absolute";"0";"DISABLE";"DISABLE";"DISABLE";"DISABLE";"";""

[BLOCK TYPE;TAG;NEXT BLOCK;DESCRIPTION;I/O DEVICE;H/W OPTIONS;I/O ADDRESS;INITIAL A/M STATUS;INITIAL SCAN;SCAN TIME;INVERT OUTPUT;OPEN TAG;CLOSE TAG;ALARM ENABLE;ALARM AREA(S);ALARM PRIORITY;ALARM TYPE;EVENT MESSAGES;SECURITY AREA 1;SECURITY AREA 2;SECURITY AREA 3;ENABLE OUTPUT;ALARM AREA 1;ALARM AREA 2;ALARM AREA 3;ALARM AREA 4;ALARM AREA 5;ALARM AREA 6;ALARM AREA 7;ALARM AREA 8;ALARM AREA 9;ALARM AREA 10;ALARM AREA 11;ALARM AREA 12;ALARM AREA 13;ALARM AREA 14;ALARM AREA 15;USER FIELD 1;USER FIELD 2;ESIG TYPE;ESIG ALLOW CONT USE;ESIG XMPT ALARM ACK;ESIG UNSIGNED WRITES;ESIG COMMENT REQUIRED;PDR Update Rate;PDR Access Time;PDR Deadband;PDR Latch;PDR Disable Output;PDR Array Length;Hist Description;Hist Collect;Hist Interval;Hist Offset;Hist Time Res;Hist Compress;Hist Deadband;Hist Comp Type;Hist Comp Time;SHELVE ENABLE;SHELVE POLICY]
!A_NAME;A_TAG;A_NEXT;A_DESC;A_IODV;A_IOHT;A_IOAD;A_IAM;A_ISCAN;A_SCANT;A_INV;A_OPENDESC;A_CLOSEDESC;A_IENAB;A_ADI;A_PRI;A_ALMCK;A_EVENT;A_SA1;A_SA2;A_SA3;A_EOUT;A_AREA1;A_AREA2;A_AREA3;A_AREA4;A_AREA5;A_AREA6;A_AREA7;A_AREA8;A_AREA9;A_AREA10;A_AREA11;A_AREA12;A_AREA13;A_AREA14;A_AREA15;A_ALMEXT1;A_ALMEXT2;A_ESIGTYPE;A_ESIGCONT;A_ESIGACK;A_ESIGTRAP;A_ESIGREQ_COMMENT;A_PDR_UPDATERATE;A_PDR_ACCESSTIME;A_PDR_DEADBAND;A_PDR_LATCHDATA;A_PDR_DISABLEOUT;A_PDR_ARRAYLENGTH;A_HIST_DESC;A_HIST_COLLECT;A_HIST_INTERVAL;A_HIST_OFFSET;A_HIST_TIMERES;A_HIST_COMPRESS;A_HIST_DEADBAND;A_HIST_COMPTYPE;A_HIST_COMPTIME;A_IALMSHLVENAB;A_ALMSHELVEPOLICY!
"DI";"ZMRK_M220_3_DB2023X0016_0";"";"";"S7A";"";"ZMRK:DB2023.DBX16.0";"AUTO";"ON";"0,10";"NO";"OPEN";"CLOSE";"DISABLE";"NONE";"LOW";"CLOSE";"DISABLE";"NONE";"NONE";"NONE";"NO";"ALL";"";"";"";"";"";"";"";"";"";"";"";"";"";"";"Calibrations allowed {x|x|x|x|O}";"Calibrations allowed {x|x|x|x|O}";"NONE";"YES";"NO";"REJECT";"NO";"1";"300";"0";"NO";"NO";"0";"";"NO";"5.000,0";"0.0";"Milliseconds";"DISABLE";"0.0000";"Absolute";"0";"DISABLE";"";""
"DI";"ZMRK_M220_3_DB2023X0156_0";"";"";"S7A";"";"ZMRK:DB2023.DBX156.0";"AUTO";"ON";"0,10";"NO";"OPEN";"CLOSE";"DISABLE";"NONE";"LOW";"CLOSE";"DISABLE";"NONE";"NONE";"NONE";"NO";"ALL";"";"";"";"";"";"";"";"";"";"";"";"";"";"";"Carriage manual jog forward fdbk {x|x|x|x|O}";"Carriage manual jog forward fdbk {x|x|x|x|O}";"NONE";"YES";"NO";"REJECT";"NO";"1";"300";"0";"NO";"NO";"0";"";"NO";"5.000,0";"0.0";"Milliseconds";"DISABLE";"0.0000";"Absolute";"0";"DISABLE";"";""
"DI";"ZMRK_M220_3_DB2023X0156_1";"";"";"S7A";"";"ZMRK:DB2023.DBX156.1";"AUTO";"ON";"0,10";"NO";"OPEN";"CLOSE";"DISABLE";"NONE";"LOW";"CLOSE";"DISABLE";"NONE";"NONE";"NONE";"NO";"ALL";"";"";"";"";"";"";"";"";"";"";"";"";"";"";"Carriage manual jog backward fdbk {x|x|x|x|O}";"Carriage manual jog backward fdbk {x|x|x|x|O}";"NONE";"YES";"NO";"REJECT";"NO";"1";"300";"0";"NO";"NO";"0";"";"NO";"5.000,0";"0.0";"Milliseconds";"DISABLE";"0.0000";"Absolute";"0";"DISABLE";"";""
"DI";"ZMRK_M220_3_DB2023X0160_0";"";"";"S7A";"";"ZMRK:DB2023.DBX160.0";"AUTO";"ON";"0,10";"NO";"OPEN";"CLOSE";"DISABLE";"NONE";"LOW";"CLOSE";"DISABLE";"NONE";"NONE";"NONE";"YES";"ALL";"";"";"";"";"";"";"";"";"";"";"";"";"";"";"Force the homing of the carriage {x|x|x|x|M}";"Force the homing of the carriage {x|x|x|x|M}";"NONE";"YES";"NO";"REJECT";"NO";"1";"300";"0";"NO";"NO";"0";"";"NO";"5.000,0";"0.0";"Milliseconds";"DISABLE";"0.0000";"Absolute";"0";"DISABLE";"";""
"DI";"ZMRK_M220_3_DB2023X0161_7";"";"";"S7A";"";"ZMRK:DB2023.DBX161.7";"AUTO";"ON";"0,10";"NO";"OPEN";"CLOSE";"DISABLE";"NONE";"LOW";"CLOSE";"DISABLE";"NONE";"NONE";"NONE";"YES";"ALL";"";"";"";"";"";"";"";"";"";"";"";"";"";"";"Bridge offset calibration request {x|x|x|x|M}";"Bridge offset calibration request {x|x|x|x|M}";"NONE";"YES";"NO";"REJECT";"NO";"1";"300";"0";"NO";"NO";"0";"";"NO";"5.000,0";"0.0";"Milliseconds";"DISABLE";"0.0000";"Absolute";"0";"DISABLE";"";""
"DI";"ZMRK_M220_3_DB2023X0304_0";"";"";"S7A";"";"ZMRK:DB2023.DBX304.0";"AUTO";"ON";"0,10";"NO";"OPEN";"CLOSE";"DISABLE";"NONE";"LOW";"CLOSE";"DISABLE";"NONE";"NONE";"NONE";"YES";"ALL";"";"";"";"";"";"";"";"";"";"";"";"";"";"";"Carriage manual jog forward {x|x|x|x|O}";"Carriage manual jog forward {x|x|x|x|O}";"NONE";"YES";"NO";"REJECT";"NO";"1";"300";"0";"NO";"NO";"0";"";"NO";"5.000,0";"0.0";"Milliseconds";"DISABLE";"0.0000";"Absolute";"0";"DISABLE";"";""
"DI";"ZMRK_M220_3_DB2023X0304_1";"";"";"S7A";"";"ZMRK:DB2023.DBX304.1";"AUTO";"ON";"0,10";"NO";"OPEN";"CLOSE";"DISABLE";"NONE";"LOW";"CLOSE";"DISABLE";"NONE";"NONE";"NONE";"YES";"ALL";"";"";"";"";"";"";"";"";"";"";"";"";"";"";"Carriage manual jog backward {x|x|x|x|O}";"Carriage manual jog backward {x|x|x|x|O}";"NONE";"YES";"NO";"REJECT";"NO";"1";"300";"0";"NO";"NO";"0";"";"NO";"5.000,0";"0.0";"Milliseconds";"DISABLE";"0.0000";"Absolute";"0";"DISABLE";"";""
"DI";"ZMRK_M220_2_DB2021X0016_0";"";"";"S7A";"";"ZMRK:DB2021.DBX16.0";"AUTO";"ON";"0,10";"NO";"OPEN";"CLOSE";"DISABLE";"NONE";"LOW";"CLOSE";"DISABLE";"NONE";"NONE";"NONE";"NO";"ALL";"";"";"";"";"";"";"";"";"";"";"";"";"";"";"Calibrations allowed {x|x|x|x|O}";"Calibrations allowed {x|x|x|x|O}";"NONE";"YES";"NO";"REJECT";"NO";"1";"300";"0";"NO";"NO";"0";"";"NO";"5.000,0";"0.0";"Milliseconds";"DISABLE";"0.0000";"Absolute";"0";"DISABLE";"";""
"DI";"ZMRK_M220_2_DB2021X0156_0";"";"";"S7A";"";"ZMRK:DB2021.DBX156.0";"AUTO";"ON";"0,10";"NO";"OPEN";"CLOSE";"DISABLE";"NONE";"LOW";"CLOSE";"DISABLE";"NONE";"NONE";"NONE";"NO";"ALL";"";"";"";"";"";"";"";"";"";"";"";"";"";"";"Carriage manual jog forward fdbk {x|x|x|x|O}";"Carriage manual jog forward fdbk {x|x|x|x|O}";"NONE";"YES";"NO";"REJECT";"NO";"1";"300";"0";"NO";"NO";"0";"";"NO";"5.000,0";"0.0";"Milliseconds";"DISABLE";"0.0000";"Absolute";"0";"DISABLE";"";""
"DI";"ZMRK_M220_2_DB2021X0156_1";"";"";"S7A";"";"ZMRK:DB2021.DBX156.1";"AUTO";"ON";"0,10";"NO";"OPEN";"CLOSE";"DISABLE";"NONE";"LOW";"CLOSE";"DISABLE";"NONE";"NONE";"NONE";"NO";"ALL";"";"";"";"";"";"";"";"";"";"";"";"";"";"";"Carriage manual jog backward fdbk {x|x|x|x|O}";"Carriage manual jog backward fdbk {x|x|x|x|O}";"NONE";"YES";"NO";"REJECT";"NO";"1";"300";"0";"NO";"NO";"0";"";"NO";"5.000,0";"0.0";"Milliseconds";"DISABLE";"0.0000";"Absolute";"0";"DISABLE";"";""
"DI";"ZMRK_M220_2_DB2021X0160_0";"";"";"S7A";"";"ZMRK:DB2021.DBX160.0";"AUTO";"ON";"0,10";"NO";"OPEN";"CLOSE";"DISABLE";"NONE";"LOW";"CLOSE";"DISABLE";"NONE";"NONE";"NONE";"YES";"ALL";"";"";"";"";"";"";"";"";"";"";"";"";"";"";"Force the homing of the carriage {x|x|x|x|M}";"Force the homing of the carriage {x|x|x|x|M}";"NONE";"YES";"NO";"REJECT";"NO";"1";"300";"0";"NO";"NO";"0";"";"NO";"5.000,0";"0.0";"Milliseconds";"DISABLE";"0.0000";"Absolute";"0";"DISABLE";"";""
"DI";"ZMRK_M220_2_DB2021X0161_7";"";"";"S7A";"";"ZMRK:DB2021.DBX161.7";"AUTO";"ON";"0,10";"NO";"OPEN";"CLOSE";"DISABLE";"NONE";"LOW";"CLOSE";"DISABLE";"NONE";"NONE";"NONE";"YES";"ALL";"";"";"";"";"";"";"";"";"";"";"";"";"";"";"Bridge offset calibration request {x|x|x|x|M}";"Bridge offset calibration request {x|x|x|x|M}";"NONE";"YES";"NO";"REJECT";"NO";"1";"300";"0";"NO";"NO";"0";"";"NO";"5.000,0";"0.0";"Milliseconds";"DISABLE";"0.0000";"Absolute";"0";"DISABLE";"";""
"DI";"ZMRK_M220_2_DB2021X0304_0";"";"";"S7A";"";"ZMRK:DB2021.DBX304.0";"AUTO";"ON";"0,10";"NO";"OPEN";"CLOSE";"DISABLE";"NONE";"LOW";"CLOSE";"DISABLE";"NONE";"NONE";"NONE";"YES";"ALL";"";"";"";"";"";"";"";"";"";"";"";"";"";"";"Carriage manual jog forward {x|x|x|x|O}";"Carriage manual jog forward {x|x|x|x|O}";"NONE";"YES";"NO";"REJECT";"NO";"1";"300";"0";"NO";"NO";"0";"";"NO";"5.000,0";"0.0";"Milliseconds";"DISABLE";"0.0000";"Absolute";"0";"DISABLE";"";""
"DI";"ZMRK_M220_2_DB2021X0304_1";"";"";"S7A";"";"ZMRK:DB2021.DBX304.1";"AUTO";"ON";"0,10";"NO";"OPEN";"CLOSE";"DISABLE";"NONE";"LOW";"CLOSE";"DISABLE";"NONE";"NONE";"NONE";"YES";"ALL";"";"";"";"";"";"";"";"";"";"";"";"";"";"";"Carriage manual jog backward {x|x|x|x|O}";"Carriage manual jog backward {x|x|x|x|O}";"NONE";"YES";"NO";"REJECT";"NO";"1";"300";"0";"NO";"NO";"0";"";"NO";"5.000,0";"0.0";"Milliseconds";"DISABLE";"0.0000";"Absolute";"0";"DISABLE";"";""
"DI";"ZMRK_M220_1_DB2020X0016_0";"";"";"S7A";"";"ZMRK:DB2020.DBX16.0";"AUTO";"ON";"0,10";"NO";"OPEN";"CLOSE";"DISABLE";"NONE";"LOW";"CLOSE";"DISABLE";"NONE";"NONE";"NONE";"NO";"ALL";"";"";"";"";"";"";"";"";"";"";"";"";"";"";"Calibrations allowed {x|x|x|x|O}";"Calibrations allowed {x|x|x|x|O}";"NONE";"YES";"NO";"REJECT";"NO";"1";"300";"0";"NO";"NO";"0";"";"NO";"5.000,0";"0.0";"Milliseconds";"DISABLE";"0.0000";"Absolute";"0";"DISABLE";"";""
"DI";"ZMRK_M220_1_DB2020X0156_0";"";"";"S7A";"";"ZMRK:DB2020.DBX156.0";"AUTO";"ON";"0,10";"NO";"OPEN";"CLOSE";"DISABLE";"NONE";"LOW";"CLOSE";"DISABLE";"NONE";"NONE";"NONE";"NO";"ALL";"";"";"";"";"";"";"";"";"";"";"";"";"";"";"Carriage manual jog forward fdbk {x|x|x|x|O}";"Carriage manual jog forward fdbk {x|x|x|x|O}";"NONE";"YES";"NO";"REJECT";"NO";"1";"300";"0";"NO";"NO";"0";"";"NO";"5.000,0";"0.0";"Milliseconds";"DISABLE";"0.0000";"Absolute";"0";"DISABLE";"";""
"DI";"ZMRK_M220_1_DB2020X0156_1";"";"";"S7A";"";"ZMRK:DB2020.DBX156.1";"AUTO";"ON";"0,10";"NO";"OPEN";"CLOSE";"DISABLE";"NONE";"LOW";"CLOSE";"DISABLE";"NONE";"NONE";"NONE";"NO";"ALL";"";"";"";"";"";"";"";"";"";"";"";"";"";"";"Carriage manual jog backward fdbk {x|x|x|x|O}";"Carriage manual jog backward fdbk {x|x|x|x|O}";"NONE";"YES";"NO";"REJECT";"NO";"1";"300";"0";"NO";"NO";"0";"";"NO";"5.000,0";"0.0";"Milliseconds";"DISABLE";"0.0000";"Absolute";"0";"DISABLE";"";""
"DI";"ZMRK_M220_1_DB2020X0160_0";"";"";"S7A";"";"ZMRK:DB2020.DBX160.0";"AUTO";"ON";"0,10";"NO";"OPEN";"CLOSE";"DISABLE";"NONE";"LOW";"CLOSE";"DISABLE";"NONE";"NONE";"NONE";"YES";"ALL";"";"";"";"";"";"";"";"";"";"";"";"";"";"";"Force the homing of the carriage {x|x|x|x|M}";"Force the homing of the carriage {x|x|x|x|M}";"NONE";"YES";"NO";"REJECT";"NO";"1";"300";"0";"NO";"NO";"0";"";"NO";"5.000,0";"0.0";"Milliseconds";"DISABLE";"0.0000";"Absolute";"0";"DISABLE";"";""
"DI";"ZMRK_M220_1_DB2020X0161_7";"";"";"S7A";"";"ZMRK:DB2020.DBX161.7";"AUTO";"ON";"0,10";"NO";"OPEN";"CLOSE";"DISABLE";"NONE";"LOW";"CLOSE";"DISABLE";"NONE";"NONE";"NONE";"YES";"ALL";"";"";"";"";"";"";"";"";"";"";"";"";"";"";"Bridge offset calibration request {x|x|x|x|M}";"Bridge offset calibration request {x|x|x|x|M}";"NONE";"YES";"NO";"REJECT";"NO";"1";"300";"0";"NO";"NO";"0";"";"NO";"5.000,0";"0.0";"Milliseconds";"DISABLE";"0.0000";"Absolute";"0";"DISABLE";"";""
"DI";"ZMRK_M220_1_DB2020X0304_0";"";"";"S7A";"";"ZMRK:DB2020.DBX304.0";"AUTO";"ON";"0,10";"NO";"OPEN";"CLOSE";"DISABLE";"NONE";"LOW";"CLOSE";"DISABLE";"NONE";"NONE";"NONE";"YES";"ALL";"";"";"";"";"";"";"";"";"";"";"";"";"";"";"Carriage manual jog forward {x|x|x|x|O}";"Carriage manual jog forward {x|x|x|x|O}";"NONE";"YES";"NO";"REJECT";"NO";"1";"300";"0";"NO";"NO";"0";"";"NO";"5.000,0";"0.0";"Milliseconds";"DISABLE";"0.0000";"Absolute";"0";"DISABLE";"";""
"DI";"ZMRK_M220_1_DB2020X0304_1";"";"";"S7A";"";"ZMRK:DB2020.DBX304.1";"AUTO";"ON";"0,10";"NO";"OPEN";"CLOSE";"DISABLE";"NONE";"LOW";"CLOSE";"DISABLE";"NONE";"NONE";"NONE";"YES";"ALL";"";"";"";"";"";"";"";"";"";"";"";"";"";"";"Carriage manual jog backward {x|x|x|x|O}";"Carriage manual jog backward {x|x|x|x|O}";"NONE";"YES";"NO";"REJECT";"NO";"1";"300";"0";"NO";"NO";"0";"";"NO";"5.000,0";"0.0";"Milliseconds";"DISABLE";"0.0000";"Absolute";"0";"DISABLE";"";""
"DI";"ZMRK_Z220_3_DB2013X0160_0";"";"";"S7A";"";"ZMRK:DB2013.DBX160.0";"AUTO";"ON";"0,10";"NO";"OPEN";"CLOSE";"DISABLE";"NONE";"LOW";"CLOSE";"DISABLE";"NONE";"NONE";"NONE";"YES";"ALL";"";"";"";"";"";"";"";"";"";"";"";"";"";"";"Automatic mode request {x|x|x|x|O}";"Automatic mode request {x|x|x|x|O}";"NONE";"YES";"NO";"REJECT";"NO";"1";"300";"0";"NO";"NO";"0";"";"NO";"5.000,0";"0.0";"Milliseconds";"DISABLE";"0.0000";"Absolute";"0";"DISABLE";"";""
"DI";"ZMRK_Z220_3_DB2013X0160_1";"";"";"S7A";"";"ZMRK:DB2013.DBX160.1";"AUTO";"ON";"0,10";"NO";"OPEN";"CLOSE";"DISABLE";"NONE";"LOW";"CLOSE";"DISABLE";"NONE";"NONE";"NONE";"YES";"ALL";"";"";"";"";"";"";"";"";"";"";"";"";"";"";"Manual mode request {x|x|x|x|O}";"Manual mode request {x|x|x|x|O}";"NONE";"YES";"NO";"REJECT";"NO";"1";"300";"0";"NO";"NO";"0";"";"NO";"5.000,0";"0.0";"Milliseconds";"DISABLE";"0.0000";"Absolute";"0";"DISABLE";"";""
"DI";"ZMRK_Z220_3_DB2013X0160_2";"";"";"S7A";"";"ZMRK:DB2013.DBX160.2";"AUTO";"ON";"0,10";"NO";"OPEN";"CLOSE";"DISABLE";"NONE";"LOW";"CLOSE";"DISABLE";"NONE";"NONE";"NONE";"YES";"ALL";"";"";"";"";"";"";"";"";"";"";"";"";"";"";"Update Distance From Snap Roll {x|x|x|x|M}";"Update Distance From Snap Roll {x|x|x|x|M}";"NONE";"YES";"NO";"REJECT";"NO";"1";"300";"0";"NO";"NO";"0";"";"NO";"5.000,0";"0.0";"Milliseconds";"DISABLE";"0.0000";"Absolute";"0";"DISABLE";"";""
"DI";"ZMRK_Z220_3_DB2013X0160_3";"";"";"S7A";"";"ZMRK:DB2013.DBX160.3";"AUTO";"ON";"0,10";"NO";"OPEN";"CLOSE";"DISABLE";"NONE";"LOW";"CLOSE";"DISABLE";"NONE";"NONE";"NONE";"YES";"ALL";"";"";"";"";"";"";"";"";"";"";"";"";"";"";"Calibrate spray position {x|x|x|x|M}";"Calibrate spray position {x|x|x|x|M}";"NONE";"YES";"NO";"REJECT";"NO";"1";"300";"0";"NO";"NO";"0";"";"NO";"5.000,0";"0.0";"Milliseconds";"DISABLE";"0.0000";"Absolute";"0";"DISABLE";"";""
"DI";"ZMRK_Z220_3_DB2013X0160_4";"";"";"S7A";"";"ZMRK:DB2013.DBX160.4";"AUTO";"ON";"0,10";"NO";"OPEN";"CLOSE";"DISABLE";"NONE";"LOW";"CLOSE";"DISABLE";"NONE";"NONE";"NONE";"YES";"ALL";"";"";"";"";"";"";"";"";"";"";"";"";"";"";"Cleaning cycle enabled {x|x|x|x|O}";"Cleaning cycle enabled {x|x|x|x|O}";"NONE";"YES";"NO";"REJECT";"NO";"1";"300";"0";"NO";"NO";"0";"";"NO";"5.000,0";"0.0";"Milliseconds";"DISABLE";"0.0000";"Absolute";"0";"DISABLE";"";""
"DI";"ZMRK_Z220_3_DB2013X0160_5";"";"";"S7A";"";"ZMRK:DB2013.DBX160.5";"AUTO";"ON";"0,10";"NO";"OPEN";"CLOSE";"DISABLE";"NONE";"LOW";"CLOSE";"DISABLE";"NONE";"NONE";"NONE";"YES";"ALL";"";"";"";"";"";"";"";"";"";"";"";"";"";"";"Spray during glass break {x|x|x|x|O}";"Spray during glass break {x|x|x|x|O}";"NONE";"YES";"NO";"REJECT";"NO";"1";"300";"0";"NO";"NO";"0";"";"NO";"5.000,0";"0.0";"Milliseconds";"DISABLE";"0.0000";"Absolute";"0";"DISABLE";"";""
"DI";"ZMRK_Z220_3_DB2013X0160_6";"";"";"S7A";"";"ZMRK:DB2013.DBX160.6";"AUTO";"ON";"0,10";"NO";"OPEN";"CLOSE";"DISABLE";"NONE";"LOW";"CLOSE";"DISABLE";"NONE";"NONE";"NONE";"YES";"ALL";"";"";"";"";"";"";"";"";"";"";"";"";"";"";"Spray check enabled {x|x|x|x|O}";"Spray check enabled {x|x|x|x|O}";"NONE";"YES";"NO";"REJECT";"NO";"1";"300";"0";"NO";"NO";"0";"";"NO";"5.000,0";"0.0";"Milliseconds";"DISABLE";"0.0000";"Absolute";"0";"DISABLE";"";""
"DI";"ZMRK_Z220_2_DB2012X0160_0";"";"";"S7A";"";"ZMRK:DB2012.DBX160.0";"AUTO";"ON";"0,10";"NO";"OPEN";"CLOSE";"DISABLE";"NONE";"LOW";"CLOSE";"DISABLE";"NONE";"NONE";"NONE";"YES";"ALL";"";"";"";"";"";"";"";"";"";"";"";"";"";"";"Automatic mode request {x|x|x|x|O}";"Automatic mode request {x|x|x|x|O}";"NONE";"YES";"NO";"REJECT";"NO";"1";"300";"0";"NO";"NO";"0";"";"NO";"5.000,0";"0.0";"Milliseconds";"DISABLE";"0.0000";"Absolute";"0";"DISABLE";"";""
"DI";"ZMRK_Z220_2_DB2012X0160_1";"";"";"S7A";"";"ZMRK:DB2012.DBX160.1";"AUTO";"ON";"0,10";"NO";"OPEN";"CLOSE";"DISABLE";"NONE";"LOW";"CLOSE";"DISABLE";"NONE";"NONE";"NONE";"YES";"ALL";"";"";"";"";"";"";"";"";"";"";"";"";"";"";"Manual mode request {x|x|x|x|O}";"Manual mode request {x|x|x|x|O}";"NONE";"YES";"NO";"REJECT";"NO";"1";"300";"0";"NO";"NO";"0";"";"NO";"5.000,0";"0.0";"Milliseconds";"DISABLE";"0.0000";"Absolute";"0";"DISABLE";"";""
"DI";"ZMRK_Z220_2_DB2012X0160_2";"";"";"S7A";"";"ZMRK:DB2012.DBX160.2";"AUTO";"ON";"0,10";"NO";"OPEN";"CLOSE";"DISABLE";"NONE";"LOW";"CLOSE";"DISABLE";"NONE";"NONE";"NONE";"YES";"ALL";"";"";"";"";"";"";"";"";"";"";"";"";"";"";"Update Distance From Snap Roll {x|x|x|x|M}";"Update Distance From Snap Roll {x|x|x|x|M}";"NONE";"YES";"NO";"REJECT";"NO";"1";"300";"0";"NO";"NO";"0";"";"NO";"5.000,0";"0.0";"Milliseconds";"DISABLE";"0.0000";"Absolute";"0";"DISABLE";"";""
"DI";"ZMRK_Z220_2_DB2012X0160_3";"";"";"S7A";"";"ZMRK:DB2012.DBX160.3";"AUTO";"ON";"0,10";"NO";"OPEN";"CLOSE";"DISABLE";"NONE";"LOW";"CLOSE";"DISABLE";"NONE";"NONE";"NONE";"YES";"ALL";"";"";"";"";"";"";"";"";"";"";"";"";"";"";"Calibrate spray position {x|x|x|x|M}";"Calibrate spray position {x|x|x|x|M}";"NONE";"YES";"NO";"REJECT";"NO";"1";"300";"0";"NO";"NO";"0";"";"NO";"5.000,0";"0.0";"Milliseconds";"DISABLE";"0.0000";"Absolute";"0";"DISABLE";"";""
"DI";"ZMRK_Z220_2_DB2012X0160_4";"";"";"S7A";"";"ZMRK:DB2012.DBX160.4";"AUTO";"ON";"0,10";"NO";"OPEN";"CLOSE";"DISABLE";"NONE";"LOW";"CLOSE";"DISABLE";"NONE";"NONE";"NONE";"YES";"ALL";"";"";"";"";"";"";"";"";"";"";"";"";"";"";"Cleaning cycle enabled {x|x|x|x|O}";"Cleaning cycle enabled {x|x|x|x|O}";"NONE";"YES";"NO";"REJECT";"NO";"1";"300";"0";"NO";"NO";"0";"";"NO";"5.000,0";"0.0";"Milliseconds";"DISABLE";"0.0000";"Absolute";"0";"DISABLE";"";""
"DI";"ZMRK_Z220_2_DB2012X0160_5";"";"";"S7A";"";"ZMRK:DB2012.DBX160.5";"AUTO";"ON";"0,10";"NO";"OPEN";"CLOSE";"DISABLE";"NONE";"LOW";"CLOSE";"DISABLE";"NONE";"NONE";"NONE";"YES";"ALL";"";"";"";"";"";"";"";"";"";"";"";"";"";"";"Spray during glass break {x|x|x|x|O}";"Spray during glass break {x|x|x|x|O}";"NONE";"YES";"NO";"REJECT";"NO";"1";"300";"0";"NO";"NO";"0";"";"NO";"5.000,0";"0.0";"Milliseconds";"DISABLE";"0.0000";"Absolute";"0";"DISABLE";"";""
"DI";"ZMRK_Z220_2_DB2012X0160_6";"";"";"S7A";"";"ZMRK:DB2012.DBX160.6";"AUTO";"ON";"0,10";"NO";"OPEN";"CLOSE";"DISABLE";"NONE";"LOW";"CLOSE";"DISABLE";"NONE";"NONE";"NONE";"YES";"ALL";"";"";"";"";"";"";"";"";"";"";"";"";"";"";"Spray check enabled {x|x|x|x|O}";"Spray check enabled {x|x|x|x|O}";"NONE";"YES";"NO";"REJECT";"NO";"1";"300";"0";"NO";"NO";"0";"";"NO";"5.000,0";"0.0";"Milliseconds";"DISABLE";"0.0000";"Absolute";"0";"DISABLE";"";""
"DI";"ZMRK_Z220_1_DB2011X0160_0";"";"";"S7A";"";"ZMRK:DB2011.DBX160.0";"AUTO";"ON";"0,10";"NO";"OPEN";"CLOSE";"DISABLE";"NONE";"LOW";"CLOSE";"DISABLE";"NONE";"NONE";"NONE";"YES";"ALL";"";"";"";"";"";"";"";"";"";"";"";"";"";"";"Automatic mode request {x|x|x|x|O}";"Automatic mode request {x|x|x|x|O}";"NONE";"YES";"NO";"REJECT";"NO";"1";"300";"0";"NO";"NO";"0";"";"NO";"5.000,0";"0.0";"Milliseconds";"DISABLE";"0.0000";"Absolute";"0";"DISABLE";"";""
"DI";"ZMRK_Z220_1_DB2011X0160_1";"";"";"S7A";"";"ZMRK:DB2011.DBX160.1";"AUTO";"ON";"0,10";"NO";"OPEN";"CLOSE";"DISABLE";"NONE";"LOW";"CLOSE";"DISABLE";"NONE";"NONE";"NONE";"YES";"ALL";"";"";"";"";"";"";"";"";"";"";"";"";"";"";"Manual mode request {x|x|x|x|O}";"Manual mode request {x|x|x|x|O}";"NONE";"YES";"NO";"REJECT";"NO";"1";"300";"0";"NO";"NO";"0";"";"NO";"5.000,0";"0.0";"Milliseconds";"DISABLE";"0.0000";"Absolute";"0";"DISABLE";"";""
"DI";"ZMRK_Z220_1_DB2011X0160_2";"";"";"S7A";"";"ZMRK:DB2011.DBX160.2";"AUTO";"ON";"0,10";"NO";"OPEN";"CLOSE";"DISABLE";"NONE";"LOW";"CLOSE";"DISABLE";"NONE";"NONE";"NONE";"YES";"ALL";"";"";"";"";"";"";"";"";"";"";"";"";"";"";"Update Distance From Snap Roll {x|x|x|x|M}";"Update Distance From Snap Roll {x|x|x|x|M}";"NONE";"YES";"NO";"REJECT";"NO";"1";"300";"0";"NO";"NO";"0";"";"NO";"5.000,0";"0.0";"Milliseconds";"DISABLE";"0.0000";"Absolute";"0";"DISABLE";"";""
"DI";"ZMRK_Z220_1_DB2011X0160_3";"";"";"S7A";"";"ZMRK:DB2011.DBX160.3";"AUTO";"ON";"0,10";"NO";"OPEN";"CLOSE";"DISABLE";"NONE";"LOW";"CLOSE";"DISABLE";"NONE";"NONE";"NONE";"YES";"ALL";"";"";"";"";"";"";"";"";"";"";"";"";"";"";"Calibrate spray position {x|x|x|x|M}";"Calibrate spray position {x|x|x|x|M}";"NONE";"YES";"NO";"REJECT";"NO";"1";"300";"0";"NO";"NO";"0";"";"NO";"5.000,0";"0.0";"Milliseconds";"DISABLE";"0.0000";"Absolute";"0";"DISABLE";"";""
"DI";"ZMRK_Z220_1_DB2011X0160_4";"";"";"S7A";"";"ZMRK:DB2011.DBX160.4";"AUTO";"ON";"0,10";"NO";"OPEN";"CLOSE";"DISABLE";"NONE";"LOW";"CLOSE";"DISABLE";"NONE";"NONE";"NONE";"YES";"ALL";"";"";"";"";"";"";"";"";"";"";"";"";"";"";"Cleaning cycle enabled {x|x|x|x|O}";"Cleaning cycle enabled {x|x|x|x|O}";"NONE";"YES";"NO";"REJECT";"NO";"1";"300";"0";"NO";"NO";"0";"";"NO";"5.000,0";"0.0";"Milliseconds";"DISABLE";"0.0000";"Absolute";"0";"DISABLE";"";""
"DI";"ZMRK_Z220_1_DB2011X0160_5";"";"";"S7A";"";"ZMRK:DB2011.DBX160.5";"AUTO";"ON";"0,10";"NO";"OPEN";"CLOSE";"DISABLE";"NONE";"LOW";"CLOSE";"DISABLE";"NONE";"NONE";"NONE";"YES";"ALL";"";"";"";"";"";"";"";"";"";"";"";"";"";"";"Spray during glass break {x|x|x|x|O}";"Spray during glass break {x|x|x|x|O}";"NONE";"YES";"NO";"REJECT";"NO";"1";"300";"0";"NO";"NO";"0";"";"NO";"5.000,0";"0.0";"Milliseconds";"DISABLE";"0.0000";"Absolute";"0";"DISABLE";"";""
"DI";"ZMRK_Z220_1_DB2011X0160_6";"";"";"S7A";"";"ZMRK:DB2011.DBX160.6";"AUTO";"ON";"0,10";"NO";"OPEN";"CLOSE";"DISABLE";"NONE";"LOW";"CLOSE";"DISABLE";"NONE";"NONE";"NONE";"YES";"ALL";"";"";"";"";"";"";"";"";"";"";"";"";"";"";"Spray check enabled {x|x|x|x|O}";"Spray check enabled {x|x|x|x|O}";"NONE";"YES";"NO";"REJECT";"NO";"1";"300";"0";"NO";"NO";"0";"";"NO";"5.000,0";"0.0";"Milliseconds";"DISABLE";"0.0000";"Absolute";"0";"DISABLE";"";""
"DI";"ZMRK_MCC1204_DB2010X0017_7";"";"";"S7A";"";"ZMRK:DB2010.DBX17.7";"AUTO";"ON";"0,10";"NO";"OPEN";"CLOSE";"DISABLE";"NONE";"LOW";"CLOSE";"DISABLE";"NONE";"NONE";"NONE";"NO";"ALL";"";"";"";"";"";"";"";"";"";"";"";"";"";"";"Zone alarm {X|X|X|X|O}";"Zone alarm {X|X|X|X|O}";"NONE";"YES";"NO";"REJECT";"NO";"1";"300";"0";"NO";"NO";"0";"";"NO";"5.000,0";"0.0";"Milliseconds";"DISABLE";"0.0000";"Absolute";"0";"DISABLE";"";""
"DI";"ZMRK_MCC1204_DB2010X0161_7";"";"";"S7A";"";"ZMRK:DB2010.DBX161.7";"AUTO";"ON";"0,10";"NO";"OPEN";"CLOSE";"DISABLE";"NONE";"LOW";"CLOSE";"DISABLE";"NONE";"NONE";"NONE";"YES";"ALL";"";"";"";"";"";"";"";"";"";"";"";"";"";"";"Reset faults {X|X|X|X|O}";"Reset faults {X|X|X|X|O}";"NONE";"YES";"NO";"REJECT";"NO";"1";"300";"0";"NO";"NO";"0";"";"NO";"5.000,0";"0.0";"Milliseconds";"DISABLE";"0.0000";"Absolute";"0";"DISABLE";"";""
"DI";"ZMRK_MCC1204_DB2010X0162_0";"";"";"S7A";"";"ZMRK:DB2010.DBX162.0";"AUTO";"ON";"0,10";"NO";"OPEN";"CLOSE";"DISABLE";"NONE";"LOW";"CLOSE";"DISABLE";"NONE";"NONE";"NONE";"YES";"ALL";"";"";"";"";"";"";"";"";"";"";"";"";"";"";"General reset {X|X|X|X|M}";"General reset {X|X|X|X|M}";"NONE";"YES";"NO";"REJECT";"NO";"1";"300";"0";"NO";"NO";"0";"";"NO";"5.000,0";"0.0";"Milliseconds";"DISABLE";"0.0000";"Absolute";"0";"DISABLE";"";""

[BLOCK TYPE;TAG;NEXT BLK;DESCRIPTION;INITIAL SCAN;SCAN TIME;SMOOTHING;I/O DEVICE;H/W OPTIONS;I/O ADDRESS;SIGNAL CONDITIONING;LOW EGU LIMIT;HIGH EGU LIMIT;EGU TAG;INITIAL A/M STATUS;ALARM ENABLE;ALARM AREA(S);LO LO ALARM LIMIT;LO ALARM LIMIT;HI ALARM LIMIT;HI HI ALARM LIMIT;ROC ALARM LIMIT;DEAD BAND;ALARM PRIORITY;ENABLE OUTPUT;SECURITY AREA 1;SECURITY AREA 2;SECURITY AREA 3;ALARM AREA 1;ALARM AREA 2;ALARM AREA 3;ALARM AREA 4;ALARM AREA 5;ALARM AREA 6;ALARM AREA 7;ALARM AREA 8;ALARM AREA 9;ALARM AREA 10;ALARM AREA 11;ALARM AREA 12;ALARM AREA 13;ALARM AREA 14;ALARM AREA 15;USER FIELD 1;USER FIELD 2;ESIG TYPE;ESIG ALLOW CONT USE;ESIG XMPT ALARM ACK;ESIG UNSIGNED WRITES;ESIG COMMENT REQUIRED;PDR Update Rate;PDR Access Time;PDR Deadband;PDR Latch;PDR Disable Output;PDR Array Length;Hist Description;Hist Collect;Hist Interval;Hist Offset;Hist Time Res;Hist Compress;Hist Deadband;Hist Comp Type;Hist Comp Time;Scale Enabled;Scale Clamping;Scale Use EGU;Scale Raw Low;Scale Raw High;Scale Low;Scale High;SHELVE ENABLE;SHELVE POLICY]
!A_NAME;A_TAG;A_NEXT;A_DESC;A_ISCAN;A_SCANT;A_SMOTH;A_IODV;A_IOHT;A_IOAD;A_IOSC;A_ELO;A_EHI;A_EGUDESC;A_IAM;A_IENAB;A_ADI;A_LOLO;A_LO;A_HI;A_HIHI;A_ROC;A_DBAND;A_PRI;A_EOUT;A_SA1;A_SA2;A_SA3;A_AREA1;A_AREA2;A_AREA3;A_AREA4;A_AREA5;A_AREA6;A_AREA7;A_AREA8;A_AREA9;A_AREA10;A_AREA11;A_AREA12;A_AREA13;A_AREA14;A_AREA15;A_ALMEXT1;A_ALMEXT2;A_ESIGTYPE;A_ESIGCONT;A_ESIGACK;A_ESIGTRAP;A_ESIGREQ_COMMENT;A_PDR_UPDATERATE;A_PDR_ACCESSTIME;A_PDR_DEADBAND;A_PDR_LATCHDATA;A_PDR_DISABLEOUT;A_PDR_ARRAYLENGTH;A_HIST_DESC;A_HIST_COLLECT;A_HIST_INTERVAL;A_HIST_OFFSET;A_HIST_TIMERES;A_HIST_COMPRESS;A_HIST_DEADBAND;A_HIST_COMPTYPE;A_HIST_COMPTIME;A_SCALE_ENABLED;A_SCALE_CLAMP;A_SCALE_USEEGU;A_SCALE_RAWLOW;A_SCALE_RAWHIGH;A_SCALE_LOW;A_SCALE_HIGH;A_IALMSHLVENAB;A_ALMSHELVEPOLICY!
"AI";"ZMRK_M220_3_DB2023DINT0056";"";"Carriage status (1'='Not Initialized 2'='Not referred 3'='Not positioned 4'='Positioned 5'='Positioning 6'='Virtual collision 7'='Anomaly) {x|x|x|x|O}";"ON";"0,10";"0";"S7A";"";"ZMRK:DB2023.DBD56";"None";"-999999";"999999";"";"AUTO";"DISABLE";"NONE";"-100";"-100";"100";"100";"0";"100";"LOW";"NO";"NONE";"NONE";"NONE";"ALL";"";"";"";"";"";"";"";"";"";"";"";"";"";"";"Carriage status (1'='Not Initialized 2'='Not referred 3'='Not positioned 4'='Positioned 5'='Positioning 6'='Virtual collision 7'='Anomaly) {x|x|x|x|O}";"Carriage status (1'='Not Initialized 2'='Not referred 3'='Not positioned 4'='Positioned 5'='Positioning 6'='Virtual collision 7'='Anomaly) {x|x|x|x|O}";"NONE";"YES";"NO";"REJECT";"NO";"1";"300";"0";"NO";"NO";"0";"";"NO";"5.000,0";"0.0";"Milliseconds";"DISABLE";"0.0000";"Absolute";"0";"YES";"NO";"NO";"-1";"1";"-1";"1";"DISABLE";"";""
"AI";"ZMRK_M220_3_DB2023DINT0060";"";"";"ON";"0,10";"0";"S7A";"";"ZMRK:DB2023.DBD60";"None";"-999999";"999999";"";"AUTO";"DISABLE";"NONE";"-100";"-100";"100";"100";"0";"100";"LOW";"NO";"NONE";"NONE";"NONE";"ALL";"";"";"";"";"";"";"";"";"";"";"";"";"";"";"Carriage home position [mm/100] {mm/100|mm|x|x|O}";"Carriage home position [mm/100] {mm/100|mm|x|x|O}";"NONE";"YES";"NO";"REJECT";"NO";"1";"300";"0";"NO";"NO";"0";"";"NO";"5.000,0";"0.0";"Milliseconds";"DISABLE";"0.0000";"Absolute";"0";"YES";"NO";"NO";"-100";"100";"-1";"1";"DISABLE";"";""
"AI";"ZMRK_M220_3_DB2023DINT0064";"";"";"ON";"0,10";"0";"S7A";"";"ZMRK:DB2023.DBD64";"None";"-999999";"999999";"";"AUTO";"DISABLE";"NONE";"-100";"-100";"100";"100";"0";"100";"LOW";"NO";"NONE";"NONE";"NONE";"ALL";"";"";"";"";"";"";"";"";"";"";"";"";"";"";"Carriage actual position [mm/100] {mm/100|mm|x|x|O}";"Carriage actual position [mm/100] {mm/100|mm|x|x|O}";"NONE";"YES";"NO";"REJECT";"NO";"1";"300";"0";"NO";"NO";"0";"";"NO";"5.000,0";"0.0";"Milliseconds";"DISABLE";"0.0000";"Absolute";"0";"YES";"NO";"NO";"-100";"100";"-1";"1";"DISABLE";"";""
"AI";"ZMRK_M220_3_DB2023DINT0200";"";"";"ON";"0,10";"0";"S7A";"";"ZMRK:DB2023.DBD200";"None";"-999999";"999999";"";"AUTO";"DISABLE";"NONE";"-100";"-100";"100";"100";"0";"100";"LOW";"YES";"NONE";"NONE";"NONE";"ALL";"";"";"";"";"";"";"";"";"";"";"";"";"";"";"Distance from center line {mm/100|mm|-3000|0|M}";"Distance from center line {mm/100|mm|-3000|0|M}";"NONE";"YES";"NO";"REJECT";"NO";"1";"300";"0";"NO";"NO";"0";"";"NO";"5.000,0";"0.0";"Milliseconds";"DISABLE";"0.0000";"Absolute";"0";"YES";"NO";"NO";"-100";"100";"-1";"1";"DISABLE";"";""
"AI";"ZMRK_M220_2_DB2021DINT0056";"";"Carriage status (1'='Not Initialized 2'='Not referred 3'='Not positioned 4'='Positioned 5'='Positioning 6'='Virtual collision 7'='Anomaly) {x|x|x|x|O}";"ON";"0,10";"0";"S7A";"";"ZMRK:DB2021.DBD56";"None";"-999999";"999999";"";"AUTO";"DISABLE";"NONE";"-100";"-100";"100";"100";"0";"100";"LOW";"NO";"NONE";"NONE";"NONE";"ALL";"";"";"";"";"";"";"";"";"";"";"";"";"";"";"Carriage status (1'='Not Initialized 2'='Not referred 3'='Not positioned 4'='Positioned 5'='Positioning 6'='Virtual collision 7'='Anomaly) {x|x|x|x|O}";"Carriage status (1'='Not Initialized 2'='Not referred 3'='Not positioned 4'='Positioned 5'='Positioning 6'='Virtual collision 7'='Anomaly) {x|x|x|x|O}";"NONE";"YES";"NO";"REJECT";"NO";"1";"300";"0";"NO";"NO";"0";"";"NO";"5.000,0";"0.0";"Milliseconds";"DISABLE";"0.0000";"Absolute";"0";"YES";"NO";"NO";"-1";"1";"-1";"1";"DISABLE";"";""
"AI";"ZMRK_M220_2_DB2021DINT0060";"";"";"ON";"0,10";"0";"S7A";"";"ZMRK:DB2021.DBD60";"None";"-999999";"999999";"";"AUTO";"DISABLE";"NONE";"-100";"-100";"100";"100";"0";"100";"LOW";"NO";"NONE";"NONE";"NONE";"ALL";"";"";"";"";"";"";"";"";"";"";"";"";"";"";"Carriage home position [mm/100] {mm/100|mm|x|x|O}";"Carriage home position [mm/100] {mm/100|mm|x|x|O}";"NONE";"YES";"NO";"REJECT";"NO";"1";"300";"0";"NO";"NO";"0";"";"NO";"5.000,0";"0.0";"Milliseconds";"DISABLE";"0.0000";"Absolute";"0";"YES";"NO";"NO";"-100";"100";"-1";"1";"DISABLE";"";""
"AI";"ZMRK_M220_2_DB2021DINT0064";"";"";"ON";"0,10";"0";"S7A";"";"ZMRK:DB2021.DBD64";"None";"-999999";"999999";"";"AUTO";"DISABLE";"NONE";"-100";"-100";"100";"100";"0";"100";"LOW";"NO";"NONE";"NONE";"NONE";"ALL";"";"";"";"";"";"";"";"";"";"";"";"";"";"";"Carriage actual position [mm/100] {mm/100|mm|x|x|O}";"Carriage actual position [mm/100] {mm/100|mm|x|x|O}";"NONE";"YES";"NO";"REJECT";"NO";"1";"300";"0";"NO";"NO";"0";"";"NO";"5.000,0";"0.0";"Milliseconds";"DISABLE";"0.0000";"Absolute";"0";"YES";"NO";"NO";"-100";"100";"-1";"1";"DISABLE";"";""
"AI";"ZMRK_M220_2_DB2021DINT0200";"";"";"ON";"0,10";"0";"S7A";"";"ZMRK:DB2021.DBD200";"None";"-999999";"999999";"";"AUTO";"DISABLE";"NONE";"-100";"-100";"100";"100";"0";"100";"LOW";"YES";"NONE";"NONE";"NONE";"ALL";"";"";"";"";"";"";"";"";"";"";"";"";"";"";"Distance from center line {mm/100|mm|-3000|0|M}";"Distance from center line {mm/100|mm|-3000|0|M}";"NONE";"YES";"NO";"REJECT";"NO";"1";"300";"0";"NO";"NO";"0";"";"NO";"5.000,0";"0.0";"Milliseconds";"DISABLE";"0.0000";"Absolute";"0";"YES";"NO";"NO";"-100";"100";"-1";"1";"DISABLE";"";""
"AI";"ZMRK_M220_1_DB2020DINT0056";"";"Carriage status (1'='Not Initialized 2'='Not referred 3'='Not positioned 4'='Positioned 5'='Positioning 6'='Virtual collision 7'='Anomaly) {x|x|x|x|O}";"ON";"0,10";"0";"S7A";"";"ZMRK:DB2020.DBD56";"None";"-999999";"999999";"";"AUTO";"DISABLE";"NONE";"-100";"-100";"100";"100";"0";"100";"LOW";"NO";"NONE";"NONE";"NONE";"ALL";"";"";"";"";"";"";"";"";"";"";"";"";"";"";"Carriage status (1'='Not Initialized 2'='Not referred 3'='Not positioned 4'='Positioned 5'='Positioning 6'='Virtual collision 7'='Anomaly) {x|x|x|x|O}";"Carriage status (1'='Not Initialized 2'='Not referred 3'='Not positioned 4'='Positioned 5'='Positioning 6'='Virtual collision 7'='Anomaly) {x|x|x|x|O}";"NONE";"YES";"NO";"REJECT";"NO";"1";"300";"0";"NO";"NO";"0";"";"NO";"5.000,0";"0.0";"Milliseconds";"DISABLE";"0.0000";"Absolute";"0";"YES";"NO";"NO";"-1";"1";"-1";"1";"DISABLE";"";""
"AI";"ZMRK_M220_1_DB2020DINT0060";"";"";"ON";"0,10";"0";"S7A";"";"ZMRK:DB2020.DBD60";"None";"-999999";"999999";"";"AUTO";"DISABLE";"NONE";"-100";"-100";"100";"100";"0";"100";"LOW";"NO";"NONE";"NONE";"NONE";"ALL";"";"";"";"";"";"";"";"";"";"";"";"";"";"";"Carriage home position [mm/100] {mm/100|mm|x|x|O}";"Carriage home position [mm/100] {mm/100|mm|x|x|O}";"NONE";"YES";"NO";"REJECT";"NO";"1";"300";"0";"NO";"NO";"0";"";"NO";"5.000,0";"0.0";"Milliseconds";"DISABLE";"0.0000";"Absolute";"0";"YES";"NO";"NO";"-100";"100";"-1";"1";"DISABLE";"";""
"AI";"ZMRK_M220_1_DB2020DINT0064";"";"";"ON";"0,10";"0";"S7A";"";"ZMRK:DB2020.DBD64";"None";"-999999";"999999";"";"AUTO";"DISABLE";"NONE";"-100";"-100";"100";"100";"0";"100";"LOW";"NO";"NONE";"NONE";"NONE";"ALL";"";"";"";"";"";"";"";"";"";"";"";"";"";"";"Carriage actual position [mm/100] {mm/100|mm|x|x|O}";"Carriage actual position [mm/100] {mm/100|mm|x|x|O}";"NONE";"YES";"NO";"REJECT";"NO";"1";"300";"0";"NO";"NO";"0";"";"NO";"5.000,0";"0.0";"Milliseconds";"DISABLE";"0.0000";"Absolute";"0";"YES";"NO";"NO";"-100";"100";"-1";"1";"DISABLE";"";""
"AI";"ZMRK_M220_1_DB2020DINT0200";"";"";"ON";"0,10";"0";"S7A";"";"ZMRK:DB2020.DBD200";"None";"-999999";"999999";"";"AUTO";"DISABLE";"NONE";"-100";"-100";"100";"100";"0";"100";"LOW";"YES";"NONE";"NONE";"NONE";"ALL";"";"";"";"";"";"";"";"";"";"";"";"";"";"";"Distance from center line {mm/100|mm|-3000|0|M}";"Distance from center line {mm/100|mm|-3000|0|M}";"NONE";"YES";"NO";"REJECT";"NO";"1";"300";"0";"NO";"NO";"0";"";"NO";"5.000,0";"0.0";"Milliseconds";"DISABLE";"0.0000";"Absolute";"0";"YES";"NO";"NO";"-100";"100";"-1";"1";"DISABLE";"";""
"AI";"ZMRK_Z220_3_DB2013DINT0056";"";"Zone modality (1'='Manual";"ON";"0,10";"0";"S7A";"";"ZMRK:DB2013.DBD56";"None";"-999999";"999999";"";"AUTO";"DISABLE";"NONE";"-100";"-100";"100";"100";"0";"100";"LOW";"NO";"NONE";"NONE";"NONE";"ALL";"";"";"";"";"";"";"";"";"";"";"";"";"";"";"Zone modality (1'='Manual";"Zone modality (1'='Manual";"NONE";"YES";"NO";"REJECT";"NO";"1";"300";"0";"NO";"NO";"0";"";"NO";"5.000,0";"0.0";"Milliseconds";"DISABLE";"0.0000";"Absolute";"0";"NO";"NO";"NO";"-1";"1";"-1";"1";"DISABLE";"";""
"AI";"ZMRK_Z220_3_DB2013DINT0060";"";"Production modality request (1'='Out of Production 3'=' In production) {x|x|x|x|O}";"ON";"0,10";"0";"S7A";"";"ZMRK:DB2013.DBD60";"None";"-999999";"999999";"";"AUTO";"DISABLE";"NONE";"-100";"-100";"100";"100";"0";"100";"LOW";"NO";"NONE";"NONE";"NONE";"ALL";"";"";"";"";"";"";"";"";"";"";"";"";"";"";"Production modality request (1'='Out of Production 3'=' In production) {x|x|x|x|O}";"Production modality request (1'='Out of Production 3'=' In production) {x|x|x|x|O}";"NONE";"YES";"NO";"REJECT";"NO";"1";"300";"0";"NO";"NO";"0";"";"NO";"5.000,0";"0.0";"Milliseconds";"DISABLE";"0.0000";"Absolute";"0";"YES";"NO";"NO";"-1";"1";"-1";"1";"DISABLE";"";""
"AI";"ZMRK_Z220_3_DB2013DINT0064";"";"Production modality actual (1'='Out of production 3'='In production 8'='Out of production request 9'='In production request) {x|x|x|x|O}";"ON";"0,10";"0";"S7A";"";"ZMRK:DB2013.DBD64";"None";"-999999";"999999";"";"AUTO";"DISABLE";"NONE";"-100";"-100";"100";"100";"0";"100";"LOW";"NO";"NONE";"NONE";"NONE";"ALL";"";"";"";"";"";"";"";"";"";"";"";"";"";"";"Production modality actual (1'='Out of production 3'='In production 8'='Out of production request 9'='In production request) {x|x|x|x|O}";"Production modality actual (1'='Out of production 3'='In production 8'='Out of production request 9'='In production request) {x|x|x|x|O}";"NONE";"YES";"NO";"REJECT";"NO";"1";"300";"0";"NO";"NO";"0";"";"NO";"5.000,0";"0.0";"Milliseconds";"DISABLE";"0.0000";"Absolute";"0";"YES";"NO";"NO";"-1";"1";"-1";"1";"DISABLE";"";""
"AI";"ZMRK_Z220_3_DB2013DINT0068";"";"";"ON";"0,10";"0";"S7A";"";"ZMRK:DB2013.DBD68";"None";"-999999";"999999";"";"AUTO";"DISABLE";"NONE";"-100";"-100";"100";"100";"0";"100";"LOW";"NO";"NONE";"NONE";"NONE";"ALL";"";"";"";"";"";"";"";"";"";"";"";"";"";"";"Actual distance from snaproll [mm/100] {x|x|x|x|O}";"Actual distance from snaproll [mm/100] {x|x|x|x|O}";"NONE";"YES";"NO";"REJECT";"NO";"1";"300";"0";"NO";"NO";"0";"";"NO";"5.000,0";"0.0";"Milliseconds";"DISABLE";"0.0000";"Absolute";"0";"YES";"NO";"NO";"-1";"1";"-1";"1";"DISABLE";"";""
"AI";"ZMRK_Z220_3_DB2013DINT0084";"";"";"ON";"0,10";"0";"S7A";"";"ZMRK:DB2013.DBD84";"None";"-999999";"999999";"";"AUTO";"DISABLE";"NONE";"-100";"-100";"100";"100";"0";"100";"LOW";"NO";"NONE";"NONE";"NONE";"ALL";"";"";"";"";"";"";"";"";"";"";"";"";"";"";"Calibration.Theorical spray position X [mm/100] {mm/100|mm|0|7000|M}";"Calibration.Theorical spray position X [mm/100] {mm/100|mm|0|7000|M}";"NONE";"YES";"NO";"REJECT";"NO";"1";"300";"0";"NO";"NO";"0";"";"NO";"5.000,0";"0.0";"Milliseconds";"DISABLE";"0.0000";"Absolute";"0";"YES";"NO";"NO";"-100";"100";"-1";"1";"DISABLE";"";""
"AI";"ZMRK_Z220_3_DB2013DINT0088";"";"";"ON";"0,10";"0";"S7A";"";"ZMRK:DB2013.DBD88";"None";"-999999";"999999";"";"AUTO";"DISABLE";"NONE";"-100";"-100";"100";"100";"0";"100";"LOW";"NO";"NONE";"NONE";"NONE";"ALL";"";"";"";"";"";"";"";"";"";"";"";"";"";"";"Calibration.Theorical spray position Y [mm/100] {mm/100|mm|0|7000|M}";"Calibration.Theorical spray position Y [mm/100] {mm/100|mm|0|7000|M}";"NONE";"YES";"NO";"REJECT";"NO";"1";"300";"0";"NO";"NO";"0";"";"NO";"5.000,0";"0.0";"Milliseconds";"DISABLE";"0.0000";"Absolute";"0";"YES";"NO";"NO";"-100";"100";"-1";"1";"DISABLE";"";""
"AI";"ZMRK_Z220_3_DB2013DINT0200";"";"";"ON";"0,10";"0";"S7A";"";"ZMRK:DB2013.DBD200";"None";"-999999";"999999";"";"AUTO";"DISABLE";"NONE";"-100";"-100";"100";"100";"0";"100";"LOW";"YES";"NONE";"NONE";"NONE";"ALL";"";"";"";"";"";"";"";"";"";"";"";"";"";"";"Distance from snaproll [mm/100] {x|x|x|x|O}";"Distance from snaproll [mm/100] {x|x|x|x|O}";"NONE";"YES";"NO";"REJECT";"NO";"1";"300";"0";"NO";"NO";"0";"";"NO";"5.000,0";"0.0";"Milliseconds";"DISABLE";"0.0000";"Absolute";"0";"YES";"NO";"NO";"-1";"1";"-1";"1";"DISABLE";"";""
"AI";"ZMRK_Z220_3_DB2013DINT0208";"";"";"ON";"0,10";"0";"S7A";"";"ZMRK:DB2013.DBD208";"None";"-999999";"999999";"";"AUTO";"DISABLE";"NONE";"-100";"-100";"100";"100";"0";"100";"LOW";"YES";"NONE";"NONE";"NONE";"ALL";"";"";"";"";"";"";"";"";"";"";"";"";"";"";"Cleaning cycle interval [ms] {ms|s|3600|36000|O}";"Cleaning cycle interval [ms] {ms|s|3600|36000|O}";"NONE";"YES";"NO";"REJECT";"NO";"1";"300";"0";"NO";"NO";"0";"";"NO";"5.000,0";"0.0";"Milliseconds";"DISABLE";"0.0000";"Absolute";"0";"YES";"NO";"NO";"-1000";"1000";"-1";"1";"DISABLE";"";""
"AI";"ZMRK_Z220_3_DB2013DINT0212";"";"";"ON";"0,10";"0";"S7A";"";"ZMRK:DB2013.DBD212";"None";"-999999";"999999";"";"AUTO";"DISABLE";"NONE";"-100";"-100";"100";"100";"0";"100";"LOW";"YES";"NONE";"NONE";"NONE";"ALL";"";"";"";"";"";"";"";"";"";"";"";"";"";"";"Spray space [mm/100] {mm/100|mm|1|100|O}";"Spray space [mm/100] {mm/100|mm|1|100|O}";"NONE";"YES";"NO";"REJECT";"NO";"1";"300";"0";"NO";"NO";"0";"";"NO";"5.000,0";"0.0";"Milliseconds";"DISABLE";"0.0000";"Absolute";"0";"YES";"NO";"NO";"-100";"100";"-1";"1";"DISABLE";"";""
"AI";"ZMRK_Z220_3_DB2013DINT0216";"";"";"ON";"0,10";"0";"S7A";"";"ZMRK:DB2013.DBD216";"None";"-999999";"999999";"";"AUTO";"DISABLE";"NONE";"-100";"-100";"100";"100";"0";"100";"LOW";"YES";"NONE";"NONE";"NONE";"ALL";"";"";"";"";"";"";"";"";"";"";"";"";"";"";"Spray reaction time [ms] {ms|s|0.001|2|M}";"Spray reaction time [ms] {ms|s|0.001|2|M}";"NONE";"YES";"NO";"REJECT";"NO";"1";"300";"0";"NO";"NO";"0";"";"NO";"5.000,0";"0.0";"Milliseconds";"DISABLE";"0.0000";"Absolute";"0";"YES";"NO";"NO";"-1000";"1000";"-1";"1";"DISABLE";"";""
"AI";"ZMRK_Z220_3_DB2013DINT0220";"";"";"ON";"0,10";"0";"S7A";"";"ZMRK:DB2013.DBD220";"None";"-999999";"999999";"";"AUTO";"DISABLE";"NONE";"-100";"-100";"100";"100";"0";"100";"LOW";"YES";"NONE";"NONE";"NONE";"ALL";"";"";"";"";"";"";"";"";"";"";"";"";"";"";"Spray reaction time off [ms] {ms|s|0.001|2|M}";"Spray reaction time off [ms] {ms|s|0.001|2|M}";"NONE";"YES";"NO";"REJECT";"NO";"1";"300";"0";"NO";"NO";"0";"";"NO";"5.000,0";"0.0";"Milliseconds";"DISABLE";"0.0000";"Absolute";"0";"YES";"NO";"NO";"-1000";"1000";"-1";"1";"DISABLE";"";""
"AI";"ZMRK_Z220_3_DB2013DINT0224";"";"";"ON";"0,10";"0";"S7A";"";"ZMRK:DB2013.DBD224";"None";"-999999";"999999";"";"AUTO";"DISABLE";"NONE";"-100";"-100";"100";"100";"0";"100";"LOW";"YES";"NONE";"NONE";"NONE";"ALL";"";"";"";"";"";"";"";"";"";"";"";"";"";"";"Calibration.Measured defect position X [mm/100] {mm/100|mm|0|7000|M}";"Calibration.Measured defect position X [mm/100] {mm/100|mm|0|7000|M}";"NONE";"YES";"NO";"REJECT";"NO";"1";"300";"0";"NO";"NO";"0";"";"NO";"5.000,0";"0.0";"Milliseconds";"DISABLE";"0.0000";"Absolute";"0";"YES";"NO";"NO";"-100";"100";"-1";"1";"DISABLE";"";""
"AI";"ZMRK_Z220_3_DB2013DINT0228";"";"";"ON";"0,10";"0";"S7A";"";"ZMRK:DB2013.DBD228";"None";"-999999";"999999";"";"AUTO";"DISABLE";"NONE";"-100";"-100";"100";"100";"0";"100";"LOW";"YES";"NONE";"NONE";"NONE";"ALL";"";"";"";"";"";"";"";"";"";"";"";"";"";"";"Calibration.Measured spray position X [mm/100] {mm/100|mm|0|7000|M}";"Calibration.Measured spray position X [mm/100] {mm/100|mm|0|7000|M}";"NONE";"YES";"NO";"REJECT";"NO";"1";"300";"0";"NO";"NO";"0";"";"NO";"5.000,0";"0.0";"Milliseconds";"DISABLE";"0.0000";"Absolute";"0";"YES";"NO";"NO";"-100";"100";"-1";"1";"DISABLE";"";""
"AI";"ZMRK_Z220_3_DB2013DINT0232";"";"";"ON";"0,10";"0";"S7A";"";"ZMRK:DB2013.DBD232";"None";"-999999";"999999";"";"AUTO";"DISABLE";"NONE";"-100";"-100";"100";"100";"0";"100";"LOW";"YES";"NONE";"NONE";"NONE";"ALL";"";"";"";"";"";"";"";"";"";"";"";"";"";"";"Calibration.Measured defect position Y [mm/100] {mm/100|mm|0|7000|M}";"Calibration.Measured defect position Y [mm/100] {mm/100|mm|0|7000|M}";"NONE";"YES";"NO";"REJECT";"NO";"1";"300";"0";"NO";"NO";"0";"";"NO";"5.000,0";"0.0";"Milliseconds";"DISABLE";"0.0000";"Absolute";"0";"YES";"NO";"NO";"-100";"100";"-1";"1";"DISABLE";"";""
"AI";"ZMRK_Z220_3_DB2013DINT0236";"";"";"ON";"0,10";"0";"S7A";"";"ZMRK:DB2013.DBD236";"None";"-999999";"999999";"";"AUTO";"DISABLE";"NONE";"-100";"-100";"100";"100";"0";"100";"LOW";"YES";"NONE";"NONE";"NONE";"ALL";"";"";"";"";"";"";"";"";"";"";"";"";"";"";"Calibration.Measured spray position Y [mm/100] {mm/100|mm|0|7000|M}";"Calibration.Measured spray position Y [mm/100] {mm/100|mm|0|7000|M}";"NONE";"YES";"NO";"REJECT";"NO";"1";"300";"0";"NO";"NO";"0";"";"NO";"5.000,0";"0.0";"Milliseconds";"DISABLE";"0.0000";"Absolute";"0";"YES";"NO";"NO";"-100";"100";"-1";"1";"DISABLE";"";""
"AI";"ZMRK_Z220_2_DB2012DINT0056";"";"Zone modality (1'='Manual";"ON";"0,10";"0";"S7A";"";"ZMRK:DB2012.DBD56";"None";"-999999";"999999";"";"AUTO";"DISABLE";"NONE";"-100";"-100";"100";"100";"0";"100";"LOW";"NO";"NONE";"NONE";"NONE";"ALL";"";"";"";"";"";"";"";"";"";"";"";"";"";"";"Zone modality (1'='Manual";"Zone modality (1'='Manual";"NONE";"YES";"NO";"REJECT";"NO";"1";"300";"0";"NO";"NO";"0";"";"NO";"5.000,0";"0.0";"Milliseconds";"DISABLE";"0.0000";"Absolute";"0";"NO";"NO";"NO";"-1";"1";"-1";"1";"DISABLE";"";""
"AI";"ZMRK_Z220_2_DB2012DINT0060";"";"Production modality request (1'='Out of Production 3'=' In production) {x|x|x|x|O}";"ON";"0,10";"0";"S7A";"";"ZMRK:DB2012.DBD60";"None";"-999999";"999999";"";"AUTO";"DISABLE";"NONE";"-100";"-100";"100";"100";"0";"100";"LOW";"NO";"NONE";"NONE";"NONE";"ALL";"";"";"";"";"";"";"";"";"";"";"";"";"";"";"Production modality request (1'='Out of Production 3'=' In production) {x|x|x|x|O}";"Production modality request (1'='Out of Production 3'=' In production) {x|x|x|x|O}";"NONE";"YES";"NO";"REJECT";"NO";"1";"300";"0";"NO";"NO";"0";"";"NO";"5.000,0";"0.0";"Milliseconds";"DISABLE";"0.0000";"Absolute";"0";"YES";"NO";"NO";"-1";"1";"-1";"1";"DISABLE";"";""
"AI";"ZMRK_Z220_2_DB2012DINT0064";"";"Production modality actual (1'='Out of production 3'='In production 8'='Out of production request 9'='In production request) {x|x|x|x|O}";"ON";"0,10";"0";"S7A";"";"ZMRK:DB2012.DBD64";"None";"-999999";"999999";"";"AUTO";"DISABLE";"NONE";"-100";"-100";"100";"100";"0";"100";"LOW";"NO";"NONE";"NONE";"NONE";"ALL";"";"";"";"";"";"";"";"";"";"";"";"";"";"";"Production modality actual (1'='Out of production 3'='In production 8'='Out of production request 9'='In production request) {x|x|x|x|O}";"Production modality actual (1'='Out of production 3'='In production 8'='Out of production request 9'='In production request) {x|x|x|x|O}";"NONE";"YES";"NO";"REJECT";"NO";"1";"300";"0";"NO";"NO";"0";"";"NO";"5.000,0";"0.0";"Milliseconds";"DISABLE";"0.0000";"Absolute";"0";"YES";"NO";"NO";"-1";"1";"-1";"1";"DISABLE";"";""
"AI";"ZMRK_Z220_2_DB2012DINT0068";"";"";"ON";"0,10";"0";"S7A";"";"ZMRK:DB2012.DBD68";"None";"-999999";"999999";"";"AUTO";"DISABLE";"NONE";"-100";"-100";"100";"100";"0";"100";"LOW";"NO";"NONE";"NONE";"NONE";"ALL";"";"";"";"";"";"";"";"";"";"";"";"";"";"";"Actual distance from snaproll [mm/100] {x|x|x|x|O}";"Actual distance from snaproll [mm/100] {x|x|x|x|O}";"NONE";"YES";"NO";"REJECT";"NO";"1";"300";"0";"NO";"NO";"0";"";"NO";"5.000,0";"0.0";"Milliseconds";"DISABLE";"0.0000";"Absolute";"0";"YES";"NO";"NO";"-1";"1";"-1";"1";"DISABLE";"";""
"AI";"ZMRK_Z220_2_DB2012DINT0084";"";"";"ON";"0,10";"0";"S7A";"";"ZMRK:DB2012.DBD84";"None";"-999999";"999999";"";"AUTO";"DISABLE";"NONE";"-100";"-100";"100";"100";"0";"100";"LOW";"NO";"NONE";"NONE";"NONE";"ALL";"";"";"";"";"";"";"";"";"";"";"";"";"";"";"Calibration.Theorical spray position X [mm/100] {mm/100|mm|0|7000|M}";"Calibration.Theorical spray position X [mm/100] {mm/100|mm|0|7000|M}";"NONE";"YES";"NO";"REJECT";"NO";"1";"300";"0";"NO";"NO";"0";"";"NO";"5.000,0";"0.0";"Milliseconds";"DISABLE";"0.0000";"Absolute";"0";"YES";"NO";"NO";"-100";"100";"-1";"1";"DISABLE";"";""
"AI";"ZMRK_Z220_2_DB2012DINT0088";"";"";"ON";"0,10";"0";"S7A";"";"ZMRK:DB2012.DBD88";"None";"-999999";"999999";"";"AUTO";"DISABLE";"NONE";"-100";"-100";"100";"100";"0";"100";"LOW";"NO";"NONE";"NONE";"NONE";"ALL";"";"";"";"";"";"";"";"";"";"";"";"";"";"";"Calibration.Theorical spray position Y [mm/100] {mm/100|mm|0|7000|M}";"Calibration.Theorical spray position Y [mm/100] {mm/100|mm|0|7000|M}";"NONE";"YES";"NO";"REJECT";"NO";"1";"300";"0";"NO";"NO";"0";"";"NO";"5.000,0";"0.0";"Milliseconds";"DISABLE";"0.0000";"Absolute";"0";"YES";"NO";"NO";"-100";"100";"-1";"1";"DISABLE";"";""
"AI";"ZMRK_Z220_2_DB2012DINT0200";"";"";"ON";"0,10";"0";"S7A";"";"ZMRK:DB2012.DBD200";"None";"-999999";"999999";"";"AUTO";"DISABLE";"NONE";"-100";"-100";"100";"100";"0";"100";"LOW";"YES";"NONE";"NONE";"NONE";"ALL";"";"";"";"";"";"";"";"";"";"";"";"";"";"";"Distance from snaproll [mm/100] {x|x|x|x|O}";"Distance from snaproll [mm/100] {x|x|x|x|O}";"NONE";"YES";"NO";"REJECT";"NO";"1";"300";"0";"NO";"NO";"0";"";"NO";"5.000,0";"0.0";"Milliseconds";"DISABLE";"0.0000";"Absolute";"0";"YES";"NO";"NO";"-1";"1";"-1";"1";"DISABLE";"";""
"AI";"ZMRK_Z220_2_DB2012DINT0208";"";"";"ON";"0,10";"0";"S7A";"";"ZMRK:DB2012.DBD208";"None";"-999999";"999999";"";"AUTO";"DISABLE";"NONE";"-100";"-100";"100";"100";"0";"100";"LOW";"YES";"NONE";"NONE";"NONE";"ALL";"";"";"";"";"";"";"";"";"";"";"";"";"";"";"Cleaning cycle interval [ms] {ms|s|3600|36000|O}";"Cleaning cycle interval [ms] {ms|s|3600|36000|O}";"NONE";"YES";"NO";"REJECT";"NO";"1";"300";"0";"NO";"NO";"0";"";"NO";"5.000,0";"0.0";"Milliseconds";"DISABLE";"0.0000";"Absolute";"0";"YES";"NO";"NO";"-1000";"1000";"-1";"1";"DISABLE";"";""
"AI";"ZMRK_Z220_2_DB2012DINT0212";"";"";"ON";"0,10";"0";"S7A";"";"ZMRK:DB2012.DBD212";"None";"-999999";"999999";"";"AUTO";"DISABLE";"NONE";"-100";"-100";"100";"100";"0";"100";"LOW";"YES";"NONE";"NONE";"NONE";"ALL";"";"";"";"";"";"";"";"";"";"";"";"";"";"";"Spray space [mm/100] {mm/100|mm|1|100|O}";"Spray space [mm/100] {mm/100|mm|1|100|O}";"NONE";"YES";"NO";"REJECT";"NO";"1";"300";"0";"NO";"NO";"0";"";"NO";"5.000,0";"0.0";"Milliseconds";"DISABLE";"0.0000";"Absolute";"0";"YES";"NO";"NO";"-100";"100";"-1";"1";"DISABLE";"";""
"AI";"ZMRK_Z220_2_DB2012DINT0216";"";"";"ON";"0,10";"0";"S7A";"";"ZMRK:DB2012.DBD216";"None";"-999999";"999999";"";"AUTO";"DISABLE";"NONE";"-100";"-100";"100";"100";"0";"100";"LOW";"YES";"NONE";"NONE";"NONE";"ALL";"";"";"";"";"";"";"";"";"";"";"";"";"";"";"Spray reaction time [ms] {ms|s|0.001|2|M}";"Spray reaction time [ms] {ms|s|0.001|2|M}";"NONE";"YES";"NO";"REJECT";"NO";"1";"300";"0";"NO";"NO";"0";"";"NO";"5.000,0";"0.0";"Milliseconds";"DISABLE";"0.0000";"Absolute";"0";"YES";"NO";"NO";"-1000";"1000";"-1";"1";"DISABLE";"";""
"AI";"ZMRK_Z220_2_DB2012DINT0220";"";"";"ON";"0,10";"0";"S7A";"";"ZMRK:DB2012.DBD220";"None";"-999999";"999999";"";"AUTO";"DISABLE";"NONE";"-100";"-100";"100";"100";"0";"100";"LOW";"YES";"NONE";"NONE";"NONE";"ALL";"";"";"";"";"";"";"";"";"";"";"";"";"";"";"Spray reaction time off [ms] {ms|s|0.001|2|M}";"Spray reaction time off [ms] {ms|s|0.001|2|M}";"NONE";"YES";"NO";"REJECT";"NO";"1";"300";"0";"NO";"NO";"0";"";"NO";"5.000,0";"0.0";"Milliseconds";"DISABLE";"0.0000";"Absolute";"0";"YES";"NO";"NO";"-1000";"1000";"-1";"1";"DISABLE";"";""
"AI";"ZMRK_Z220_2_DB2012DINT0224";"";"";"ON";"0,10";"0";"S7A";"";"ZMRK:DB2012.DBD224";"None";"-999999";"999999";"";"AUTO";"DISABLE";"NONE";"-100";"-100";"100";"100";"0";"100";"LOW";"YES";"NONE";"NONE";"NONE";"ALL";"";"";"";"";"";"";"";"";"";"";"";"";"";"";"Calibration.Measured defect position X [mm/100] {mm/100|mm|0|7000|M}";"Calibration.Measured defect position X [mm/100] {mm/100|mm|0|7000|M}";"NONE";"YES";"NO";"REJECT";"NO";"1";"300";"0";"NO";"NO";"0";"";"NO";"5.000,0";"0.0";"Milliseconds";"DISABLE";"0.0000";"Absolute";"0";"YES";"NO";"NO";"-100";"100";"-1";"1";"DISABLE";"";""
"AI";"ZMRK_Z220_2_DB2012DINT0228";"";"";"ON";"0,10";"0";"S7A";"";"ZMRK:DB2012.DBD228";"None";"-999999";"999999";"";"AUTO";"DISABLE";"NONE";"-100";"-100";"100";"100";"0";"100";"LOW";"YES";"NONE";"NONE";"NONE";"ALL";"";"";"";"";"";"";"";"";"";"";"";"";"";"";"Calibration.Measured spray position X [mm/100] {mm/100|mm|0|7000|M}";"Calibration.Measured spray position X [mm/100] {mm/100|mm|0|7000|M}";"NONE";"YES";"NO";"REJECT";"NO";"1";"300";"0";"NO";"NO";"0";"";"NO";"5.000,0";"0.0";"Milliseconds";"DISABLE";"0.0000";"Absolute";"0";"YES";"NO";"NO";"-100";"100";"-1";"1";"DISABLE";"";""
"AI";"ZMRK_Z220_2_DB2012DINT0232";"";"";"ON";"0,10";"0";"S7A";"";"ZMRK:DB2012.DBD232";"None";"-999999";"999999";"";"AUTO";"DISABLE";"NONE";"-100";"-100";"100";"100";"0";"100";"LOW";"YES";"NONE";"NONE";"NONE";"ALL";"";"";"";"";"";"";"";"";"";"";"";"";"";"";"Calibration.Measured defect position Y [mm/100] {mm/100|mm|0|7000|M}";"Calibration.Measured defect position Y [mm/100] {mm/100|mm|0|7000|M}";"NONE";"YES";"NO";"REJECT";"NO";"1";"300";"0";"NO";"NO";"0";"";"NO";"5.000,0";"0.0";"Milliseconds";"DISABLE";"0.0000";"Absolute";"0";"YES";"NO";"NO";"-100";"100";"-1";"1";"DISABLE";"";""
"AI";"ZMRK_Z220_2_DB2012DINT0236";"";"";"ON";"0,10";"0";"S7A";"";"ZMRK:DB2012.DBD236";"None";"-999999";"999999";"";"AUTO";"DISABLE";"NONE";"-100";"-100";"100";"100";"0";"100";"LOW";"YES";"NONE";"NONE";"NONE";"ALL";"";"";"";"";"";"";"";"";"";"";"";"";"";"";"Calibration.Measured spray position Y [mm/100] {mm/100|mm|0|7000|M}";"Calibration.Measured spray position Y [mm/100] {mm/100|mm|0|7000|M}";"NONE";"YES";"NO";"REJECT";"NO";"1";"300";"0";"NO";"NO";"0";"";"NO";"5.000,0";"0.0";"Milliseconds";"DISABLE";"0.0000";"Absolute";"0";"YES";"NO";"NO";"-100";"100";"-1";"1";"DISABLE";"";""
"AI";"ZMRK_Z220_1_DB2011DINT0056";"";"Zone modality (1'='Manual";"ON";"0,10";"0";"S7A";"";"ZMRK:DB2011.DBD56";"None";"-999999";"999999";"";"AUTO";"DISABLE";"NONE";"-100";"-100";"100";"100";"0";"100";"LOW";"NO";"NONE";"NONE";"NONE";"ALL";"";"";"";"";"";"";"";"";"";"";"";"";"";"";"Zone modality (1'='Manual";"Zone modality (1'='Manual";"NONE";"YES";"NO";"REJECT";"NO";"1";"300";"0";"NO";"NO";"0";"";"NO";"5.000,0";"0.0";"Milliseconds";"DISABLE";"0.0000";"Absolute";"0";"NO";"NO";"NO";"-1";"1";"-1";"1";"DISABLE";"";""
"AI";"ZMRK_Z220_1_DB2011DINT0060";"";"Production modality request (1'='Out of Production 3'=' In production) {x|x|x|x|O}";"ON";"0,10";"0";"S7A";"";"ZMRK:DB2011.DBD60";"None";"-999999";"999999";"";"AUTO";"DISABLE";"NONE";"-100";"-100";"100";"100";"0";"100";"LOW";"NO";"NONE";"NONE";"NONE";"ALL";"";"";"";"";"";"";"";"";"";"";"";"";"";"";"Production modality request (1'='Out of Production 3'=' In production) {x|x|x|x|O}";"Production modality request (1'='Out of Production 3'=' In production) {x|x|x|x|O}";"NONE";"YES";"NO";"REJECT";"NO";"1";"300";"0";"NO";"NO";"0";"";"NO";"5.000,0";"0.0";"Milliseconds";"DISABLE";"0.0000";"Absolute";"0";"YES";"NO";"NO";"-1";"1";"-1";"1";"DISABLE";"";""
"AI";"ZMRK_Z220_1_DB2011DINT0064";"";"Production modality actual (1'='Out of production 3'='In production 8'='Out of production request 9'='In production request) {x|x|x|x|O}";"ON";"0,10";"0";"S7A";"";"ZMRK:DB2011.DBD64";"None";"-999999";"999999";"";"AUTO";"DISABLE";"NONE";"-100";"-100";"100";"100";"0";"100";"LOW";"NO";"NONE";"NONE";"NONE";"ALL";"";"";"";"";"";"";"";"";"";"";"";"";"";"";"Production modality actual (1'='Out of production 3'='In production 8'='Out of production request 9'='In production request) {x|x|x|x|O}";"Production modality actual (1'='Out of production 3'='In production 8'='Out of production request 9'='In production request) {x|x|x|x|O}";"NONE";"YES";"NO";"REJECT";"NO";"1";"300";"0";"NO";"NO";"0";"";"NO";"5.000,0";"0.0";"Milliseconds";"DISABLE";"0.0000";"Absolute";"0";"YES";"NO";"NO";"-1";"1";"-1";"1";"DISABLE";"";""
"AI";"ZMRK_Z220_1_DB2011DINT0068";"";"";"ON";"0,10";"0";"S7A";"";"ZMRK:DB2011.DBD68";"None";"-999999";"999999";"";"AUTO";"DISABLE";"NONE";"-100";"-100";"100";"100";"0";"100";"LOW";"NO";"NONE";"NONE";"NONE";"ALL";"";"";"";"";"";"";"";"";"";"";"";"";"";"";"Actual distance from snaproll [mm/100] {x|x|x|x|O}";"Actual distance from snaproll [mm/100] {x|x|x|x|O}";"NONE";"YES";"NO";"REJECT";"NO";"1";"300";"0";"NO";"NO";"0";"";"NO";"5.000,0";"0.0";"Milliseconds";"DISABLE";"0.0000";"Absolute";"0";"YES";"NO";"NO";"-1";"1";"-1";"1";"DISABLE";"";""
"AI";"ZMRK_Z220_1_DB2011DINT0084";"";"";"ON";"0,10";"0";"S7A";"";"ZMRK:DB2011.DBD84";"None";"-999999";"999999";"";"AUTO";"DISABLE";"NONE";"-100";"-100";"100";"100";"0";"100";"LOW";"NO";"NONE";"NONE";"NONE";"ALL";"";"";"";"";"";"";"";"";"";"";"";"";"";"";"Calibration.Theorical spray position X [mm/100] {mm/100|mm|0|7000|M}";"Calibration.Theorical spray position X [mm/100] {mm/100|mm|0|7000|M}";"NONE";"YES";"NO";"REJECT";"NO";"1";"300";"0";"NO";"NO";"0";"";"NO";"5.000,0";"0.0";"Milliseconds";"DISABLE";"0.0000";"Absolute";"0";"YES";"NO";"NO";"-100";"100";"-1";"1";"DISABLE";"";""
"AI";"ZMRK_Z220_1_DB2011DINT0088";"";"";"ON";"0,10";"0";"S7A";"";"ZMRK:DB2011.DBD88";"None";"-999999";"999999";"";"AUTO";"DISABLE";"NONE";"-100";"-100";"100";"100";"0";"100";"LOW";"NO";"NONE";"NONE";"NONE";"ALL";"";"";"";"";"";"";"";"";"";"";"";"";"";"";"Calibration.Theorical spray position Y [mm/100] {mm/100|mm|0|7000|M}";"Calibration.Theorical spray position Y [mm/100] {mm/100|mm|0|7000|M}";"NONE";"YES";"NO";"REJECT";"NO";"1";"300";"0";"NO";"NO";"0";"";"NO";"5.000,0";"0.0";"Milliseconds";"DISABLE";"0.0000";"Absolute";"0";"YES";"NO";"NO";"-100";"100";"-1";"1";"DISABLE";"";""
"AI";"ZMRK_Z220_1_DB2011DINT0200";"";"";"ON";"0,10";"0";"S7A";"";"ZMRK:DB2011.DBD200";"None";"-999999";"999999";"";"AUTO";"DISABLE";"NONE";"-100";"-100";"100";"100";"0";"100";"LOW";"YES";"NONE";"NONE";"NONE";"ALL";"";"";"";"";"";"";"";"";"";"";"";"";"";"";"Distance from snaproll [mm/100] {x|x|x|x|O}";"Distance from snaproll [mm/100] {x|x|x|x|O}";"NONE";"YES";"NO";"REJECT";"NO";"1";"300";"0";"NO";"NO";"0";"";"NO";"5.000,0";"0.0";"Milliseconds";"DISABLE";"0.0000";"Absolute";"0";"YES";"NO";"NO";"-1";"1";"-1";"1";"DISABLE";"";""
"AI";"ZMRK_Z220_1_DB2011DINT0208";"";"";"ON";"0,10";"0";"S7A";"";"ZMRK:DB2011.DBD208";"None";"-999999";"999999";"";"AUTO";"DISABLE";"NONE";"-100";"-100";"100";"100";"0";"100";"LOW";"YES";"NONE";"NONE";"NONE";"ALL";"";"";"";"";"";"";"";"";"";"";"";"";"";"";"Cleaning cycle interval [ms] {ms|s|3600|36000|O}";"Cleaning cycle interval [ms] {ms|s|3600|36000|O}";"NONE";"YES";"NO";"REJECT";"NO";"1";"300";"0";"NO";"NO";"0";"";"NO";"5.000,0";"0.0";"Milliseconds";"DISABLE";"0.0000";"Absolute";"0";"YES";"NO";"NO";"-1000";"1000";"-1";"1";"DISABLE";"";""
"AI";"ZMRK_Z220_1_DB2011DINT0212";"";"";"ON";"0,10";"0";"S7A";"";"ZMRK:DB2011.DBD212";"None";"-999999";"999999";"";"AUTO";"DISABLE";"NONE";"-100";"-100";"100";"100";"0";"100";"LOW";"YES";"NONE";"NONE";"NONE";"ALL";"";"";"";"";"";"";"";"";"";"";"";"";"";"";"Spray space [mm/100] {mm/100|mm|1|100|O}";"Spray space [mm/100] {mm/100|mm|1|100|O}";"NONE";"YES";"NO";"REJECT";"NO";"1";"300";"0";"NO";"NO";"0";"";"NO";"5.000,0";"0.0";"Milliseconds";"DISABLE";"0.0000";"Absolute";"0";"YES";"NO";"NO";"-100";"100";"-1";"1";"DISABLE";"";""
"AI";"ZMRK_Z220_1_DB2011DINT0216";"";"";"ON";"0,10";"0";"S7A";"";"ZMRK:DB2011.DBD216";"None";"-999999";"999999";"";"AUTO";"DISABLE";"NONE";"-100";"-100";"100";"100";"0";"100";"LOW";"YES";"NONE";"NONE";"NONE";"ALL";"";"";"";"";"";"";"";"";"";"";"";"";"";"";"Spray reaction time [ms] {ms|s|0.001|2|M}";"Spray reaction time [ms] {ms|s|0.001|2|M}";"NONE";"YES";"NO";"REJECT";"NO";"1";"300";"0";"NO";"NO";"0";"";"NO";"5.000,0";"0.0";"Milliseconds";"DISABLE";"0.0000";"Absolute";"0";"YES";"NO";"NO";"-1000";"1000";"-1";"1";"DISABLE";"";""
"AI";"ZMRK_Z220_1_DB2011DINT0220";"";"";"ON";"0,10";"0";"S7A";"";"ZMRK:DB2011.DBD220";"None";"-999999";"999999";"";"AUTO";"DISABLE";"NONE";"-100";"-100";"100";"100";"0";"100";"LOW";"YES";"NONE";"NONE";"NONE";"ALL";"";"";"";"";"";"";"";"";"";"";"";"";"";"";"Spray reaction time off [ms] {ms|s|0.001|2|M}";"Spray reaction time off [ms] {ms|s|0.001|2|M}";"NONE";"YES";"NO";"REJECT";"NO";"1";"300";"0";"NO";"NO";"0";"";"NO";"5.000,0";"0.0";"Milliseconds";"DISABLE";"0.0000";"Absolute";"0";"YES";"NO";"NO";"-1000";"1000";"-1";"1";"DISABLE";"";""
"AI";"ZMRK_Z220_1_DB2011DINT0224";"";"";"ON";"0,10";"0";"S7A";"";"ZMRK:DB2011.DBD224";"None";"-999999";"999999";"";"AUTO";"DISABLE";"NONE";"-100";"-100";"100";"100";"0";"100";"LOW";"YES";"NONE";"NONE";"NONE";"ALL";"";"";"";"";"";"";"";"";"";"";"";"";"";"";"Calibration.Measured defect position X [mm/100] {mm/100|mm|0|7000|M}";"Calibration.Measured defect position X [mm/100] {mm/100|mm|0|7000|M}";"NONE";"YES";"NO";"REJECT";"NO";"1";"300";"0";"NO";"NO";"0";"";"NO";"5.000,0";"0.0";"Milliseconds";"DISABLE";"0.0000";"Absolute";"0";"YES";"NO";"NO";"-100";"100";"-1";"1";"DISABLE";"";""
"AI";"ZMRK_Z220_1_DB2011DINT0228";"";"";"ON";"0,10";"0";"S7A";"";"ZMRK:DB2011.DBD228";"None";"-999999";"999999";"";"AUTO";"DISABLE";"NONE";"-100";"-100";"100";"100";"0";"100";"LOW";"YES";"NONE";"NONE";"NONE";"ALL";"";"";"";"";"";"";"";"";"";"";"";"";"";"";"Calibration.Measured spray position X [mm/100] {mm/100|mm|0|7000|M}";"Calibration.Measured spray position X [mm/100] {mm/100|mm|0|7000|M}";"NONE";"YES";"NO";"REJECT";"NO";"1";"300";"0";"NO";"NO";"0";"";"NO";"5.000,0";"0.0";"Milliseconds";"DISABLE";"0.0000";"Absolute";"0";"YES";"NO";"NO";"-100";"100";"-1";"1";"DISABLE";"";""
"AI";"ZMRK_Z220_1_DB2011DINT0232";"";"";"ON";"0,10";"0";"S7A";"";"ZMRK:DB2011.DBD232";"None";"-999999";"999999";"";"AUTO";"DISABLE";"NONE";"-100";"-100";"100";"100";"0";"100";"LOW";"YES";"NONE";"NONE";"NONE";"ALL";"";"";"";"";"";"";"";"";"";"";"";"";"";"";"Calibration.Measured defect position Y [mm/100] {mm/100|mm|0|7000|M}";"Calibration.Measured defect position Y [mm/100] {mm/100|mm|0|7000|M}";"NONE";"YES";"NO";"REJECT";"NO";"1";"300";"0";"NO";"NO";"0";"";"NO";"5.000,0";"0.0";"Milliseconds";"DISABLE";"0.0000";"Absolute";"0";"YES";"NO";"NO";"-100";"100";"-1";"1";"DISABLE";"";""
"AI";"ZMRK_Z220_1_DB2011DINT0236";"";"";"ON";"0,10";"0";"S7A";"";"ZMRK:DB2011.DBD236";"None";"-999999";"999999";"";"AUTO";"DISABLE";"NONE";"-100";"-100";"100";"100";"0";"100";"LOW";"YES";"NONE";"NONE";"NONE";"ALL";"";"";"";"";"";"";"";"";"";"";"";"";"";"";"Calibration.Measured spray position Y [mm/100] {mm/100|mm|0|7000|M}";"Calibration.Measured spray position Y [mm/100] {mm/100|mm|0|7000|M}";"NONE";"YES";"NO";"REJECT";"NO";"1";"300";"0";"NO";"NO";"0";"";"NO";"5.000,0";"0.0";"Milliseconds";"DISABLE";"0.0000";"Absolute";"0";"YES";"NO";"NO";"-100";"100";"-1";"1";"DISABLE";"";""
"AI";"ZMRK_MCC1204_DB2010DINT0060";"";"Zone status (1'='CycleON 2'='StopCyc 4'='CycleReq 8'='StopReq 1024'='E-Stop) {X|X|X|X|O}";"ON";"0,10";"0";"S7A";"";"ZMRK:DB2010.DBD60";"None";"-999999";"999999";"";"AUTO";"DISABLE";"NONE";"-100";"-100";"100";"100";"0";"100";"LOW";"NO";"NONE";"NONE";"NONE";"ALL";"";"";"";"";"";"";"";"";"";"";"";"";"";"";"Zone status (1'='CycleON 2'='StopCyc 4'='CycleReq 8'='StopReq 1024'='E-Stop) {X|X|X|X|O}";"Zone status (1'='CycleON 2'='StopCyc 4'='CycleReq 8'='StopReq 1024'='E-Stop) {X|X|X|X|O}";"NONE";"YES";"NO";"REJECT";"NO";"1";"300";"0";"NO";"NO";"0";"";"NO";"5.000,0";"0.0";"Milliseconds";"DISABLE";"0.0000";"Absolute";"0";"YES";"NO";"NO";"-1";"1";"-1";"1";"DISABLE";"";""
"AI";"ZMRK_MCC1204_DB2010DINT0064";"";"Cabinet status MCC1201 (1'='OK";"ON";"0,10";"0";"S7A";"";"ZMRK:DB2010.DBD64";"None";"-999999";"999999";"";"AUTO";"DISABLE";"NONE";"-100";"-100";"100";"100";"0";"100";"LOW";"NO";"NONE";"NONE";"NONE";"ALL";"";"";"";"";"";"";"";"";"";"";"";"";"";"";"Cabinet status MCC1201 (1'='OK";"Cabinet status MCC1201 (1'='OK";"NONE";"YES";"NO";"REJECT";"NO";"1";"300";"0";"NO";"NO";"0";"";"NO";"5.000,0";"0.0";"Milliseconds";"DISABLE";"0.0000";"Absolute";"0";"NO";"NO";"NO";"-1";"1";"-1";"1";"DISABLE";"";""

[-------------------------------------------------End of Block List-------------------------------------------------]